lat,lng,Cafes,Carfriendly,Daycares,ElementarySchools,Greenery,Groceries,HighSchools,Historic,Nightlife,Parks,Pedestrianfriendly,Quiet,Restaurants,Shopping,Transitfriendly,Vibrant
45.52014105,-73.61294962,8,4,10,10,9,9,10,6,6,10,10,9,9,9,9,9
45.52014033,-73.61552032,8,8,10,10,6,9,10,6,5,10,10,5,9,9,10,9
45.51719041,-73.61798789,7,8,10,10,8,8,10,5,5,10,10,6,9,8,10,8
45.5225194,-73.60901996,9,3,8,10,8,10,10,7,7,10,10,8,10,9,9,10
45.52373347,-73.61228966,8,5,10,9,7,10,8,6,6,10,9,3,10,9,9,9
45.52076029,-73.61280806,8,4,10,10,8,9,10,6,6,10,10,8,10,9,10,9
45.52032585,-73.60906547,9,4,9,10,8,9,10,6,6,10,10,8,10,9,9,10
45.51928585,-73.60962038,9,4,10,10,8,9,10,6,6,10,10,8,10,9,9,10
45.52343814,-73.60910856,9,4,8,9,8,10,8,7,6,10,10,8,10,9,9,10
45.52000961,-73.61210796,8,4,10,10,8,9,9,6,6,10,10,9,10,9,9,9
45.51536394,-73.61821264,7,5,6,9,9,8,9,5,5,10,9,8,9,8,9,8
45.52016348,-73.601197,9,4,6,10,9,9,10,7,7,10,10,8,10,10,9,10
45.51637477,-73.59207938,10,4,8,9,9,9,9,6,8,10,10,5,10,10,9,10
45.5233746,-73.61176826,8,4,9,10,8,10,9,7,6,10,10,8,10,9,9,10
45.52129504,-73.60832339,9,3,8,10,8,9,10,7,7,10,10,8,10,9,9,10
45.51645373,-73.62116095,7,5,8,9,9,8,9,5,4,10,9,9,8,8,9,7
45.52355436,-73.61388415,8,4,9,9,7,10,9,6,6,10,10,5,10,9,9,9
45.52111121,-73.61135365,8,4,9,10,8,10,9,6,6,10,10,8,10,9,9,9
45.5208371,-73.61310276,8,4,10,10,8,9,10,6,6,10,10,8,10,9,10,9
45.51488634,-73.59114731,10,8,6,8,10,9,8,6,8,10,10,5,10,9,9,10
45.52259141,-73.60678382,9,3,10,9,6,10,10,7,7,10,10,5,10,9,9,10
45.51639826,-73.59169188,10,4,9,9,9,10,9,7,9,10,10,6,10,10,9,10
45.51801173,-73.6177358,7,7,10,10,8,9,10,5,5,10,10,7,9,8,9,8
45.52163304,-73.61606229,7,5,10,10,9,9,10,6,5,10,9,8,9,8,9,8
45.51755402,-73.61711365,7,7,9,10,9,8,10,5,5,10,10,8,9,9,9,9
45.51915507,-73.60944807,9,4,10,10,9,9,10,6,7,10,10,9,10,9,9,10
45.51727094,-73.5979286,10,6,8,10,6,10,10,6,8,9,10,3,10,10,9,10
45.52331233,-73.61105669,8,4,9,10,8,10,9,7,6,10,10,8,10,9,9,10
45.52231565,-73.60914615,9,4,8,10,8,10,10,7,7,10,10,9,10,9,9,10
45.52247809,-73.61497514,8,5,9,10,8,10,10,6,6,10,10,6,9,9,10,9
45.51753364,-73.62242194,6,5,8,10,9,8,10,5,4,10,8,9,8,8,9,7
45.52124196,-73.61354051,8,4,10,10,8,10,10,6,6,10,10,6,10,9,10,9
45.51871338,-73.61543223,8,7,8,10,7,9,10,6,5,10,10,8,9,9,10,9
45.51735859,-73.59533807,10,4,8,9,9,10,9,7,8,10,10,7,10,10,9,10
45.51967231,-73.61541472,8,4,8,10,9,9,10,6,6,10,10,8,9,9,10,9
45.52404796,-73.61567812,7,5,8,10,7,9,10,6,5,10,7,5,9,8,9,8
45.51866349,-73.610991,8,4,9,10,9,8,10,6,6,10,10,8,10,9,9,9
45.51702014,-73.6203244,7,5,8,9,9,8,9,5,5,10,9,8,9,8,9,8
45.50901702,-73.61686436,6,6,6,10,10,8,9,4,4,9,8,8,8,7,9,7
45.51852526,-73.61510137,8,7,8,10,7,9,10,6,5,10,10,8,9,9,10,9
45.514554,-73.60217136,8,8,4,7,10,7,7,4,6,9,8,9,10,9,9,9
45.52391317,-73.60937044,9,4,8,9,8,10,8,7,6,10,10,8,10,9,9,10
45.51917341,-73.60064351,9,4,6,10,9,9,10,7,7,10,10,8,10,10,9,10
45.5233461,-73.61296605,8,4,9,9,7,10,9,6,6,10,10,5,10,9,9,9
45.51805195,-73.61105469,8,6,9,10,8,8,10,6,6,10,10,8,10,9,9,9
45.51776957,-73.59536012,10,7,9,9,9,10,10,7,8,10,10,5,10,10,9,10
45.52031833,-73.61475107,8,4,10,10,7,9,10,6,6,10,10,7,9,9,10,9
45.52231664,-73.61165707,8,4,8,10,8,10,9,6,6,10,10,8,10,9,9,9
45.52026219,-73.61213159,8,4,10,10,8,9,9,6,6,10,10,9,10,9,9,9
45.51786132,-73.61006121,8,4,9,10,8,8,10,6,6,10,10,8,10,9,9,9
45.51581704,-73.59169699,10,5,6,8,10,9,8,6,8,10,10,5,10,10,9,10
45.5183844,-73.59621793,10,3,8,10,5,10,10,7,9,8,10,7,10,10,10,10
45.51580092,-73.60006984,9,9,8,10,9,9,9,6,7,9,10,3,10,10,9,10
45.52105695,-73.60642498,9,3,6,9,9,9,9,7,7,10,10,8,10,9,9,10
45.51636639,-73.5982729,9,4,8,10,8,9,10,6,8,9,10,3,10,10,9,10
45.51874907,-73.61047399,8,4,9,10,9,8,10,6,6,10,10,8,10,9,9,9
45.5203017,-73.61100241,8,4,10,10,8,9,9,6,6,10,10,8,10,9,9,9
45.52521497,-73.61522596,8,7,6,10,5,9,5,5,6,9,8,8,9,8,9,8
45.51668735,-73.59754433,10,4,8,10,8,9,10,6,8,9,10,4,10,10,9,10
45.52039486,-73.60104533,10,4,8,10,8,9,10,7,8,10,10,7,10,10,9,10
45.51945223,-73.61175398,8,4,10,10,8,9,10,6,6,10,10,9,10,9,9,9
45.5179424,-73.60954421,8,4,9,10,8,8,10,6,6,10,10,8,10,9,9,9
45.51954286,-73.61614692,8,8,10,10,6,9,10,6,5,10,10,3,9,9,10,10
45.52199775,-73.61193387,8,4,8,10,8,10,9,6,6,10,10,8,10,9,9,9
45.52220476,-73.60650318,9,3,8,9,9,9,9,7,7,10,10,8,10,9,9,10
45.52022302,-73.61005611,9,4,9,10,8,9,10,6,6,10,10,8,10,9,9,10
45.52295615,-73.60929464,8,4,9,10,8,10,9,7,6,10,10,8,10,9,9,10
45.52203498,-73.60969055,8,4,8,10,8,10,9,6,6,10,10,8,10,9,9,9
45.52455316,-73.61050862,9,4,8,9,8,10,8,7,7,10,10,7,10,9,9,10
45.52363805,-73.60881212,9,4,8,9,8,10,8,7,6,10,10,8,10,9,9,10
45.51823908,-73.59614148,10,4,8,10,8,10,10,7,8,10,10,7,10,10,9,10
45.52108095,-73.61185822,8,4,9,10,8,10,9,6,6,10,10,8,10,9,9,9
45.51836303,-73.59695294,10,5,8,10,5,10,10,7,8,10,10,2,10,10,9,10
45.51868912,-73.61899227,7,5,10,10,9,9,10,5,5,10,10,8,9,8,9,8
45.51842347,-73.59819597,10,4,8,10,8,10,10,7,8,10,10,8,10,10,9,10
45.50740698,-73.61594719,6,6,6,10,9,8,9,4,4,9,8,9,8,7,9,7
45.51900403,-73.60024122,9,4,8,10,9,9,10,6,7,10,10,8,10,10,9,10
45.52160917,-73.60525347,9,3,8,9,9,9,9,7,7,10,10,8,10,9,9,10
45.51859864,-73.61812824,7,7,10,10,8,9,10,5,5,10,10,7,9,8,10,9
45.51774011,-73.60956097,8,4,9,10,8,8,10,6,6,10,10,8,10,9,9,9
45.52424053,-73.61159814,9,7,10,9,6,10,9,6,6,10,10,4,10,9,9,10
45.51586779,-73.6182523,7,5,8,9,9,8,9,5,5,10,9,8,9,8,9,8
45.52203905,-73.60856541,9,3,8,10,8,10,10,7,7,10,10,8,10,9,9,10
45.52060553,-73.61417393,8,8,10,10,6,10,10,6,6,10,10,2,10,9,10,10
45.51684854,-73.61750515,7,7,8,9,9,8,9,5,5,10,9,8,9,9,9,8
45.52353482,-73.61117893,8,4,9,10,8,10,9,7,6,10,10,8,10,9,9,10
45.52082844,-73.60287039,9,4,6,10,9,9,10,7,7,10,10,8,10,10,9,10
45.51852447,-73.606337,9,4,10,10,9,9,10,6,7,10,10,8,10,9,9,10
45.52011667,-73.61578383,7,5,10,10,8,9,10,6,5,10,10,7,9,9,10,9
45.51244182,-73.61395553,7,10,9,10,9,6,10,4,5,10,8,4,9,8,9,8
45.51711467,-73.5961299,10,7,8,10,9,10,10,6,8,10,10,5,10,10,9,10
45.51833709,-73.60095063,9,5,10,10,9,9,10,6,7,10,10,8,10,9,9,10
45.52289216,-73.61111108,8,4,8,10,8,10,9,6,6,10,10,8,10,9,9,9
45.51612537,-73.6234272,6,5,8,10,9,8,10,4,4,10,8,9,8,8,9,7
45.52004262,-73.61688876,7,5,10,10,8,9,10,6,5,10,10,7,9,9,10,9
45.51982921,-73.61753092,7,5,10,10,8,9,10,6,5,10,10,7,9,8,10,9
45.52321956,-73.61105324,8,4,9,10,8,10,9,7,6,10,10,8,10,9,9,10
45.51580518,-73.59240199,10,9,6,8,9,9,8,6,8,10,10,3,10,10,9,10
45.51976882,-73.60996756,9,4,10,10,8,9,10,6,6,10,10,8,10,9,9,10
45.51811885,-73.62096362,7,7,9,10,9,9,10,5,5,10,9,7,9,8,9,8
45.51603901,-73.59833974,9,8,8,10,8,9,10,6,8,9,10,3,10,10,9,10
45.52014662,-73.60915933,9,4,9,10,8,9,10,6,6,10,10,8,10,9,9,10
45.52251978,-73.61425037,8,5,9,10,8,10,10,6,6,10,10,6,9,9,10,9
45.51877312,-73.60290128,9,4,9,10,9,9,10,6,7,10,10,8,10,9,9,10
45.52536033,-73.61562067,8,7,6,10,5,9,5,5,6,9,8,8,9,8,9,8
45.51986875,-73.6171831,7,5,10,10,8,9,10,6,5,10,10,7,9,8,10,9
45.51731579,-73.62510051,6,6,10,10,6,9,10,4,4,10,6,5,8,8,8,7
45.52107699,-73.6078855,9,3,10,10,6,9,10,7,7,10,10,8,10,9,9,10
45.52044269,-73.60972368,9,4,9,10,8,9,10,6,6,10,10,8,10,9,9,10
45.51040208,-73.61228185,7,8,10,10,8,6,9,4,5,10,8,7,9,8,10,8
45.51972331,-73.60814102,9,4,10,10,9,9,10,6,7,10,10,8,10,9,9,10
45.52391093,-73.60959169,9,4,8,9,8,10,8,7,6,10,10,8,10,9,9,10
45.51506121,-73.60782869,8,10,5,8,10,7,9,5,6,10,8,4,10,9,9,9
45.51701949,-73.61797614,7,8,10,10,8,8,10,5,5,10,10,6,9,8,10,8
45.51719178,-73.61864855,7,7,9,10,8,9,10,5,5,10,9,8,9,8,9,8
45.51946929,-73.59866305,10,4,8,10,8,9,10,7,8,10,10,7,10,10,9,10
45.52220717,-73.61012167,8,4,8,10,8,10,9,6,6,10,10,8,10,9,9,9
45.52175913,-73.61138232,8,4,8,10,8,10,9,6,6,10,10,8,10,9,9,9
45.52096466,-73.61533584,8,5,9,10,10,9,10,6,5,10,10,9,9,9,10,9
45.42150984,-73.64483198,5,8,10,10,7,8,7,3,2,8,5,9,4,4,6,3
45.4371109,-73.62135233,6,6,6,8,6,9,1,0,4,7,6,9,5,6,6,4
45.43340048,-73.59411392,2,6,8,10,7,9,10,3,2,10,6,10,5,5,6,3
45.43165531,-73.60069878,4,6,10,10,8,9,9,3,3,10,7,9,5,5,6,5
45.41661207,-73.6258438,2,8,8,5,9,4,4,3,1,10,4,9,4,4,4,2
45.43252691,-73.59892184,4,6,9,9,8,9,9,3,2,10,7,9,5,5,6,5
45.43355359,-73.59281483,2,7,6,10,8,8,9,3,1,10,5,9,5,5,5,3
45.43121615,-73.59589533,3,6,10,10,8,9,10,3,2,10,7,9,5,5,6,5
45.43083994,-73.66232508,2,8,6,5,8,3,5,3,3,9,4,10,4,4,5,3
45.43061857,-73.63911634,5,8,8,10,8,8,2,1,2,8,5,5,5,5,6,4
45.43124931,-73.59753458,3,6,10,10,8,9,10,3,2,10,7,9,5,5,6,5
45.43607329,-73.60620642,5,9,10,3,7,5,3,0,2,7,4,8,5,5,6,3
45.41988088,-73.62504243,3,8,6,6,9,5,3,2,2,10,4,10,4,5,4,2
45.42848536,-73.59993293,4,6,6,10,8,8,10,2,3,9,6,9,5,5,7,4
45.41878434,-73.61429396,3,6,6,9,6,5,3,0,2,9,4,10,4,5,5,2
45.4357417,-73.63102921,5,6,6,10,7,8,1,0,4,8,6,9,5,6,6,4
45.425601,-73.62926482,4,8,5,7,7,7,3,0,3,10,5,10,5,5,6,3
45.42513052,-73.6544866,4,9,10,10,7,5,10,4,2,9,4,8,5,4,6,3
45.43609606,-73.61102406,6,9,8,5,6,6,3,0,2,8,5,8,5,6,6,4
45.43642585,-73.61342987,6,8,6,6,6,7,3,0,2,9,5,8,5,6,6,4
45.43756848,-73.62165674,6,7,6,7,3,9,1,0,4,7,6,9,5,6,6,4
45.43079604,-73.60017893,4,6,9,10,8,9,9,3,3,10,7,9,5,5,6,5
45.43348745,-73.64436371,4,8,8,9,6,9,3,2,2,8,5,8,5,5,6,4
45.42992556,-73.60033352,4,6,8,10,7,8,10,3,3,9,6,9,5,5,6,4
45.44885342,-73.60943699,6,10,5,6,3,9,3,2,3,10,6,6,6,9,9,4
45.43544276,-73.59506018,2,7,5,10,7,8,8,2,2,10,5,9,5,5,6,3
45.41669684,-73.61259516,2,7,5,9,6,4,3,0,2,10,4,9,4,4,4,2
45.42930139,-73.59562368,4,6,8,10,8,8,10,3,2,10,7,9,5,5,6,4
45.42735135,-73.66011168,2,8,9,8,8,3,8,3,2,10,4,10,4,4,6,3
45.42491782,-73.6277799,5,7,6,7,7,6,3,0,3,10,5,9,5,5,6,3
45.41669982,-73.62520088,2,7,9,6,8,4,4,3,2,10,4,9,4,4,4,2
45.42328589,-73.64661635,5,7,9,10,7,8,7,3,3,9,5,8,5,5,8,3
45.43012812,-73.63978367,5,7,9,10,6,9,3,1,2,8,6,8,5,5,7,4
45.41518017,-73.62880881,2,10,5,7,9,5,7,2,2,10,4,9,4,4,4,2
45.42114445,-73.64576555,5,8,10,10,8,8,7,3,2,8,5,10,4,4,6,3
45.42605572,-73.65791069,2,8,9,9,9,3,9,3,2,9,3,8,4,4,6,3
45.43601251,-73.6130117,6,8,6,6,6,7,3,0,2,9,5,8,5,6,6,4
45.43119579,-73.62329744,5,9,8,10,5,9,3,0,5,8,7,2,6,6,7,4
45.43446553,-73.65794211,3,10,6,4,9,6,4,2,2,10,4,5,5,5,5,3
45.42995162,-73.59906197,4,6,8,10,7,8,10,3,3,9,6,9,5,5,6,4
45.44677486,-73.6115075,6,10,6,5,6,9,2,0,4,10,6,0,7,10,9,5
45.43611894,-73.59870943,3,9,6,9,7,9,7,2,2,10,5,9,5,5,6,3
45.51504963,-73.62969013,6,8,10,9,6,7,9,3,3,10,5,0,8,8,8,7
45.51579388,-73.65649769,4,7,4,7,8,6,4,0,2,9,5,0,6,7,8,5
45.51963584,-73.62522903,6,9,6,8,6,10,8,4,4,10,7,2,8,8,9,7
45.52230756,-73.62276136,7,9,6,6,6,10,6,4,5,9,9,0,8,8,10,7
45.51572062,-73.65646543,4,7,4,7,9,7,4,0,2,9,6,3,6,7,8,5
45.52286794,-73.62426071,7,9,6,6,6,10,6,4,5,9,9,0,8,8,10,7
45.50715608,-73.64243281,6,6,6,9,9,8,9,4,2,9,7,9,7,7,9,5
45.52009572,-73.62831688,6,10,6,8,6,10,8,4,4,10,10,4,8,8,9,7
45.52670047,-73.64498806,6,6,8,7,8,6,7,0,3,8,7,7,7,9,8,5
45.50525907,-73.65533677,5,7,8,10,8,9,5,0,2,10,6,6,6,7,8,4
45.51546667,-73.62912689,6,8,10,9,6,7,9,3,3,10,5,0,8,8,8,7
45.50451894,-73.65346326,6,7,8,9,9,7,5,2,2,10,5,5,6,7,8,4
45.51799572,-73.64247619,5,6,6,10,8,5,9,4,3,9,8,9,7,8,9,5
45.50303552,-73.66292605,5,9,8,7,5,9,5,0,2,9,4,0,6,7,9,4
45.51484475,-73.65601424,4,7,4,7,8,7,4,2,2,9,6,8,6,7,8,5
45.5024947,-73.55230031,10,6,5,6,6,9,3,10,8,10,9,6,10,10,9,10
45.49597868,-73.57584811,10,4,10,6,6,9,9,7,10,10,10,0,10,10,10,10
45.49246621,-73.58085011,10,5,9,9,5,10,10,7,10,10,10,4,10,10,10,10
45.49257453,-73.58303954,10,7,10,9,7,10,9,7,8,10,10,5,10,10,10,10
45.52153489,-73.55836769,9,3,6,10,7,10,6,7,9,10,10,8,10,9,10,10
45.51305789,-73.55834419,10,6,8,5,4,10,5,7,10,10,10,4,10,10,10,10
45.51201204,-73.56843959,10,6,9,7,5,10,10,7,10,10,10,3,10,10,10,10
45.51875904,-73.55536978,10,4,6,7,6,9,4,7,10,10,10,6,10,9,10,10
45.52706774,-73.55199782,8,4,6,10,6,9,9,6,7,10,10,5,10,8,10,10
45.49509526,-73.5716117,10,5,8,7,6,9,9,7,10,10,8,0,10,10,10,10
45.49794325,-73.55563237,10,5,9,9,6,9,3,7,8,10,10,6,10,10,10,9
45.49334795,-73.56942769,10,4,6,8,8,9,8,6,8,10,9,2,10,10,10,10
45.49221343,-73.57489927,10,4,10,8,6,9,10,7,9,10,9,1,10,10,10,10
45.50313689,-73.56402238,10,5,8,8,6,9,6,7,9,10,10,3,10,10,10,10
45.51870531,-73.55926828,10,5,8,8,6,10,7,7,10,10,10,2,10,9,10,10
45.50512223,-73.56171812,10,8,8,7,5,10,5,7,9,10,10,4,10,10,10,10
45.5087537,-73.5703694,10,6,8,8,7,10,9,7,10,10,10,5,10,10,10,10
45.5123633,-73.56912302,10,6,9,7,5,10,10,7,10,10,10,3,10,10,10,10
45.51310785,-73.55746633,10,4,8,4,6,10,5,7,10,10,10,4,10,10,10,10
45.51539622,-73.56482218,10,6,6,7,6,9,8,7,10,10,10,1,10,10,10,10
45.49959846,-73.55504758,10,9,6,8,4,10,3,9,8,10,10,1,10,10,10,10
45.50677932,-73.56833418,10,4,9,8,4,10,8,7,10,10,10,5,10,10,10,10
45.50397603,-73.56268649,10,5,9,7,4,9,5,7,9,10,10,6,10,10,10,10
45.51541612,-73.55870149,10,7,10,5,6,10,6,7,10,10,10,3,10,10,10,10
45.51199685,-73.56217412,10,6,10,5,3,9,6,7,10,10,10,5,10,10,10,10
45.51515375,-73.56509741,10,4,8,7,6,9,7,7,10,10,10,7,10,10,10,10
45.49445143,-73.57590042,10,6,8,7,6,10,10,7,10,10,10,1,10,10,10,10
45.5130195,-73.55629401,10,7,9,4,5,10,5,7,10,10,10,4,10,10,10,10
45.51721644,-73.56531254,10,7,9,8,5,9,9,7,10,10,10,3,10,10,10,10
45.50464713,-73.55786858,10,6,8,7,4,10,4,10,9,10,10,7,10,10,10,10
45.5063365,-73.57004039,10,8,10,9,4,9,9,6,10,10,10,2,10,10,10,10
45.51020155,-73.5599369,10,4,9,4,5,10,5,7,10,10,10,4,10,10,10,10
45.50529858,-73.5618452,10,5,8,7,5,10,5,7,9,10,10,5,10,10,10,10
45.50767415,-73.571519,10,7,8,9,5,10,9,7,10,10,10,0,10,10,10,10
45.5039887,-73.56266462,10,5,9,7,4,9,5,7,9,10,10,6,10,10,10,10
45.5039754,-73.55929374,10,5,9,7,4,10,4,10,9,9,10,5,10,10,10,10
45.50836758,-73.56996307,10,6,8,8,7,10,9,7,10,10,10,5,10,10,10,10
45.50492856,-73.56230171,10,5,8,7,5,10,5,7,9,10,10,5,10,10,10,10
45.51322932,-73.55690137,10,7,9,4,5,10,5,7,10,10,10,4,10,10,10,10
45.5238885,-73.56005743,9,4,8,10,8,10,7,7,10,10,10,8,10,9,10,10
45.49940281,-73.55933825,10,5,9,10,5,10,4,9,10,8,10,0,10,10,10,10
45.50329841,-73.56290512,10,5,10,8,2,9,5,7,9,10,10,4,10,10,10,10
45.5291446,-73.56033158,8,4,8,10,8,10,10,6,8,10,10,3,10,8,9,10
45.53571267,-73.5529591,7,5,9,10,8,10,9,6,7,9,10,8,9,8,10,9
45.53175584,-73.55968624,8,3,10,10,7,9,10,6,7,10,10,8,10,8,9,10
45.5211213,-73.55700791,9,3,8,9,6,9,5,7,9,10,10,6,10,9,10,10
45.50080322,-73.5826275,10,8,10,8,8,8,10,6,8,10,10,5,10,10,10,10
45.52731664,-73.55633223,8,4,6,10,8,10,9,7,8,10,10,7,10,8,10,10
45.51458735,-73.55636616,10,8,10,5,5,10,5,7,10,10,10,3,10,10,10,10
45.50201524,-73.55584442,10,5,6,8,3,10,3,10,10,10,10,6,10,10,10,10
45.52060579,-73.55653345,9,3,8,9,6,9,5,7,9,10,10,6,10,9,10,10
45.52028559,-73.55098013,9,9,6,8,6,9,4,6,8,10,10,3,10,9,10,10
45.51606188,-73.55436642,10,6,9,5,4,9,4,7,9,10,10,4,10,9,10,10
45.53454105,-73.55551808,7,4,8,10,5,10,8,7,7,10,10,5,10,8,10,10
45.50204607,-73.57380346,10,8,8,9,3,10,9,7,10,9,10,2,10,10,10,10
45.53156133,-73.55486902,8,4,9,10,6,10,10,7,7,10,10,8,10,8,10,10
45.49271123,-73.58051236,10,5,9,9,5,10,10,7,10,10,10,4,10,10,10,10
45.52251447,-73.5575592,9,3,9,10,8,10,7,7,9,10,10,8,10,9,10,10
45.52943766,-73.56259377,8,4,6,10,9,10,9,6,8,10,10,6,10,8,9,10
45.52811203,-73.56113556,8,4,6,9,6,10,9,6,8,10,10,8,10,9,9,10
45.52719677,-73.54904938,8,7,8,10,6,9,8,6,7,10,10,7,10,8,9,10
45.50360946,-73.56378121,10,5,8,7,7,9,6,7,9,10,10,7,10,10,10,10
45.49147271,-73.58265053,10,5,9,10,5,10,10,7,10,10,10,2,10,10,10,10
45.4903221,-73.58093349,10,3,8,10,8,10,10,7,8,10,10,5,10,10,10,10
45.52890992,-73.55553268,8,4,10,9,5,10,10,7,8,10,10,8,10,8,10,10
45.4965499,-73.57900339,10,6,8,7,5,10,9,7,10,10,10,0,10,10,10,10
45.49719994,-73.58217151,10,3,6,9,7,10,10,7,9,10,10,4,10,10,10,10
45.52421173,-73.54986224,8,5,6,9,5,10,7,6,8,10,10,1,10,8,10,10
45.52166626,-73.56315793,10,3,6,9,8,10,9,7,9,10,10,6,10,9,10,10
45.51897752,-73.56455113,10,3,9,8,7,9,9,7,10,10,10,5,10,10,10,10
45.51681865,-73.56345992,10,8,6,7,5,9,8,7,10,10,10,3,10,10,10,10
45.51627547,-73.55812247,10,5,9,6,4,10,6,7,10,10,10,4,10,10,10,10
45.50006834,-73.57251877,10,9,9,7,4,10,7,7,10,10,10,0,10,10,10,10
45.51207318,-73.55739219,10,6,8,4,3,9,5,7,10,10,10,3,10,10,10,10
45.51239097,-73.56240692,10,4,10,5,4,9,6,7,10,10,10,6,10,10,10,10
45.50476139,-73.56273188,10,5,9,7,4,10,6,7,9,10,10,5,10,10,10,10
45.50061085,-73.56759913,10,5,8,8,5,10,7,6,9,10,10,6,10,10,10,10
45.50552061,-73.55677019,10,7,6,6,5,10,4,10,10,10,10,4,10,10,10,10
45.49415921,-73.58311369,10,5,10,8,7,10,10,7,8,10,10,4,10,10,10,10
45.49210877,-73.58411776,10,3,10,9,8,10,9,7,8,10,10,6,10,10,10,10
45.51662763,-73.55564416,10,5,9,6,6,10,5,7,10,10,10,2,10,9,10,10
45.49676642,-73.57448752,10,4,8,6,4,9,9,7,10,10,10,0,10,10,10,10
45.51209541,-73.56792139,10,3,9,7,4,10,9,7,10,10,10,5,10,10,10,10
45.53078919,-73.55180943,7,4,8,10,7,10,9,7,7,10,10,8,10,8,10,10
45.51211091,-73.55560343,10,8,8,3,8,9,4,7,10,10,10,2,10,10,10,10
45.51961904,-73.56612254,10,7,10,8,7,10,10,7,10,10,10,2,10,10,10,10
45.49475382,-73.57910322,10,3,9,7,7,10,10,7,10,8,10,5,10,10,10,10
45.5348824,-73.56129049,7,4,9,10,8,8,8,6,7,10,10,5,10,8,10,10
45.51223219,-73.56063084,10,4,10,5,5,9,6,7,10,10,10,8,10,10,10,10
45.52364415,-73.55388327,9,7,10,10,8,10,7,7,8,10,10,5,10,9,10,10
45.50489126,-73.55557704,10,5,6,6,5,10,4,10,9,10,10,7,10,10,10,10
45.52807848,-73.5478396,8,7,8,10,7,9,7,6,7,10,9,7,10,8,9,9
45.51701132,-73.55460137,10,4,8,7,6,10,5,7,10,10,10,5,10,9,10,10
45.50068887,-73.56808818,10,9,8,7,4,10,7,6,10,10,10,0,10,10,10,10
45.50337601,-73.5617773,10,8,10,8,3,9,5,9,9,10,10,3,10,10,10,10
45.52890601,-73.54728679,7,5,8,10,7,9,7,7,7,10,10,8,10,8,9,9
45.51597367,-73.55326028,10,4,8,5,4,9,4,7,10,10,10,4,10,9,10,10
45.53160845,-73.56149852,8,3,9,10,8,10,10,6,8,10,10,5,10,8,9,10
45.49917384,-73.57362981,10,6,10,7,4,10,7,7,10,10,10,2,10,10,10,10
45.493231,-73.5840129,10,5,9,9,6,10,10,7,8,10,10,3,10,10,10,10
45.49560625,-73.5798062,10,6,10,7,4,10,10,7,10,10,10,2,10,10,10,10
45.5091314,-73.56215241,10,7,8,4,6,10,7,7,10,10,10,5,10,10,10,10
45.51393795,-73.56316829,10,4,8,6,5,9,6,7,10,10,10,7,10,10,10,10
45.52179519,-73.55905929,9,3,8,10,7,10,6,7,9,10,10,8,10,9,10,10
45.4883976,-73.58064789,9,5,6,10,8,10,10,6,7,10,7,0,10,10,10,9
45.50504762,-73.5637755,10,8,8,7,4,9,6,7,9,10,10,4,10,10,10,10
45.52078312,-73.5518715,9,5,8,8,7,9,5,7,8,10,10,5,10,8,10,10
45.49212812,-73.58392256,10,7,10,9,7,10,9,7,8,10,10,5,10,10,10,10
45.49488536,-73.56537281,10,5,10,9,5,10,6,6,8,10,10,7,10,10,10,10
45.50476847,-73.55877153,10,8,8,7,5,10,5,10,10,9,10,0,10,10,10,10
45.5139151,-73.55858653,10,8,8,5,5,10,6,7,10,10,10,2,10,10,10,10
45.52944743,-73.55860709,8,4,10,10,8,9,10,6,8,10,10,5,10,8,9,10
45.49628538,-73.58066198,10,6,8,7,4,10,10,7,9,10,10,1,10,10,10,10
45.53421274,-73.55859556,7,7,9,10,7,9,8,6,7,10,10,6,10,8,10,10
45.49415783,-73.58273015,10,5,10,8,7,10,10,7,8,10,10,4,10,10,10,10
45.52031455,-73.55701672,10,3,8,9,7,9,5,7,9,10,10,6,10,9,10,10
45.49337267,-73.57512449,10,7,10,8,7,9,10,7,9,10,10,0,10,10,10,10
45.49101711,-73.58355133,10,3,10,10,8,10,10,7,8,10,10,6,10,10,10,10
45.52970116,-73.56294017,8,4,6,10,9,10,9,6,8,10,10,6,10,8,9,10
45.52959948,-73.54613085,7,9,6,9,5,8,6,6,7,10,9,5,9,8,9,8
45.51838222,-73.56604056,10,5,10,8,6,9,10,7,10,10,10,5,10,10,10,10
45.5387257,-73.55943155,7,5,9,9,8,10,10,5,6,10,9,4,9,7,10,9
45.49905431,-73.58182566,10,4,6,8,8,9,10,6,9,10,10,8,10,10,10,10
45.50434743,-73.56260379,10,5,9,7,5,10,5,7,9,10,10,6,10,10,10,10
45.50473817,-73.56260248,10,5,9,7,4,10,6,7,9,10,10,5,10,10,10,10
45.50129164,-73.58021034,10,4,8,7,7,8,9,6,9,10,10,4,10,10,10,10
45.51839446,-73.56588444,10,5,10,8,6,9,10,7,10,10,10,5,10,10,10,10
45.49265534,-73.58140594,10,3,9,9,7,10,9,7,9,10,10,6,10,10,10,10
45.52892481,-73.56255962,8,4,6,10,8,10,9,6,8,10,10,6,10,9,9,10
45.49810191,-73.58470341,10,8,8,9,8,8,10,6,8,10,10,5,10,10,10,10
45.50052072,-73.57974593,10,6,10,7,5,9,9,7,10,9,10,4,10,10,10,10
45.5329354,-73.55422165,7,7,8,10,7,10,9,7,9,10,10,6,10,8,10,10
45.51421797,-73.56559051,10,6,9,7,7,10,7,7,10,10,10,7,10,10,10,10
45.52155494,-73.54872902,8,6,6,8,6,10,5,6,8,10,10,3,10,8,10,9
45.51389614,-73.55580896,10,7,10,5,5,10,5,7,10,10,10,4,10,10,10,10
45.49812972,-73.57832961,10,3,8,7,5,10,9,7,10,10,10,0,10,10,10,10
45.51961368,-73.55234216,9,4,6,7,8,9,4,7,9,10,10,5,10,9,10,10
45.52067822,-73.55248012,9,4,8,8,8,9,5,7,9,10,10,8,10,9,10,10
45.52089309,-73.55652049,9,3,8,9,6,9,5,7,9,10,10,6,10,9,10,10
45.5035041,-73.55592227,10,5,6,7,4,10,3,10,10,10,10,7,10,10,10,10
45.5132009,-73.56685188,10,3,10,7,6,10,8,7,10,10,10,7,10,10,10,10
45.51183071,-73.56025737,10,4,10,5,7,9,5,7,10,10,10,5,10,10,10,10
45.49672942,-73.57688782,10,3,9,6,6,10,9,7,10,8,10,3,10,10,10,10
45.52969545,-73.55395819,8,6,10,10,6,10,10,7,7,10,10,8,10,8,10,10
45.51898539,-73.55770899,10,3,6,8,6,10,5,7,10,10,10,5,10,9,10,10
45.51804073,-73.55581417,10,4,8,7,6,9,4,7,10,10,10,5,10,9,10,10
45.5192421,-73.55772894,10,6,6,8,3,10,5,7,10,10,10,4,10,9,10,10
45.50623344,-73.57001417,10,8,10,9,4,9,9,6,10,10,10,2,10,10,10,10
45.53770851,-73.55694956,7,8,9,10,6,10,10,6,6,10,10,5,9,7,9,9
45.49207835,-73.58357034,10,7,10,9,7,10,9,7,8,10,10,5,10,10,10,10
45.5166214,-73.55382333,10,4,8,6,5,9,4,7,9,10,10,4,10,9,10,10
45.50995153,-73.55621367,10,10,10,4,5,10,3,7,9,10,10,0,10,10,10,10
45.50138447,-73.5810543,10,4,8,7,7,8,9,6,9,10,10,4,10,10,10,10
45.49415235,-73.57525176,10,7,8,7,7,10,10,7,10,10,10,2,10,10,10,10
45.49633742,-73.58078467,10,6,8,7,4,10,10,7,9,10,10,1,10,10,10,10
45.51630653,-73.55895498,10,5,9,6,5,10,7,7,10,10,10,0,10,10,10,10
45.49793414,-73.55356855,10,5,8,8,5,9,2,7,7,10,10,7,10,9,9,9
45.50238341,-73.58433314,10,10,10,9,9,8,9,5,8,10,8,5,10,10,9,9
45.4972397,-73.57488381,10,7,8,6,6,9,8,7,10,10,10,0,10,10,10,10
45.50316734,-73.56344906,10,5,8,8,6,9,6,7,9,10,10,3,10,10,10,10
45.51558566,-73.56583499,10,3,8,7,5,9,8,7,10,10,10,7,10,10,10,10
45.52026295,-73.55186544,9,4,8,8,7,9,4,7,8,10,10,5,10,9,10,10
45.51291208,-73.58202285,10,10,6,6,7,9,7,6,9,10,10,3,10,10,9,10
45.49991162,-73.57868526,10,7,9,8,5,9,9,7,10,9,10,2,10,10,10,10
45.51861373,-73.55496752,10,4,6,7,6,9,4,7,10,10,10,6,10,9,10,10
45.52292875,-73.54854815,8,9,6,7,6,10,5,6,7,10,8,2,10,8,10,9
45.52257793,-73.56121204,10,5,8,10,6,10,7,7,9,10,10,4,10,9,10,10
45.51876997,-73.55481537,10,3,6,8,6,9,4,7,10,10,10,8,10,9,10,10
45.52408206,-73.56064013,9,5,9,10,7,10,8,7,10,10,10,5,10,9,10,10
45.49519253,-73.58061308,10,3,9,7,4,10,10,7,9,8,10,4,10,10,10,10
45.50346764,-73.5591024,10,5,9,8,4,10,4,10,9,8,10,5,10,10,10,10
45.51793518,-73.55594548,10,4,8,7,6,9,4,7,10,10,10,5,10,9,10,10
45.49871649,-73.55802212,10,5,10,10,7,10,4,9,8,8,10,0,10,10,10,10
45.49716182,-73.55519792,10,9,10,9,5,9,3,7,7,10,10,3,10,10,10,9
45.51166528,-73.56749241,10,7,10,7,6,10,9,7,10,10,10,3,10,10,10,10
45.50156904,-73.57767687,10,4,8,8,8,8,8,7,9,10,10,6,10,10,10,10
45.50704176,-73.56768318,10,4,9,8,4,10,8,7,10,10,10,5,10,10,10,10
45.52329718,-73.55164527,8,5,8,9,5,10,6,6,8,10,10,8,10,8,10,10
45.52143599,-73.55754263,9,3,8,9,6,10,6,7,9,10,10,8,10,9,10,10
45.52028576,-73.55503205,10,3,8,8,7,9,5,7,10,10,10,8,10,9,10,10
45.50538044,-73.5554599,10,5,6,6,5,10,4,10,9,10,10,7,10,10,10,10
45.52835919,-73.54688076,7,7,8,10,5,9,7,6,7,10,9,7,10,8,9,9
45.51740942,-73.55913723,10,6,8,7,5,10,7,7,10,10,10,3,10,10,10,10
45.53003157,-73.54978689,7,7,10,10,7,9,8,7,7,10,10,8,10,8,9,9
45.49188306,-73.58217039,10,5,9,9,5,10,9,7,10,10,10,6,10,10,10,10
45.49896561,-73.56235476,10,10,8,10,6,8,6,7,9,10,8,0,10,10,10,10
45.50159752,-73.55466127,10,5,6,7,7,10,3,10,8,10,10,7,10,10,10,10
45.50566294,-73.55958473,10,10,8,7,5,10,5,7,9,9,10,0,10,10,10,10
45.52004279,-73.55314822,9,4,8,8,7,9,4,7,9,10,10,8,10,9,10,10
45.52922767,-73.55441621,8,5,8,10,6,10,10,7,7,10,10,8,10,8,9,10
45.50301146,-73.57025319,10,7,9,9,4,10,9,7,10,10,10,1,10,10,10,10
45.49570259,-73.57551926,10,3,8,7,6,10,9,7,10,10,10,1,10,10,10,10
45.49519358,-73.56417648,10,8,10,10,7,10,5,6,8,10,10,3,10,10,10,10
45.52331345,-73.54833063,8,5,6,8,4,10,6,6,7,10,8,1,10,8,10,9
45.51059013,-73.55214826,10,7,10,3,4,8,3,7,9,10,10,5,10,9,10,10
45.52752697,-73.55902758,8,4,6,9,8,10,9,6,8,10,10,7,10,8,9,10
45.50601778,-73.55706669,10,7,6,6,5,10,5,10,10,9,10,4,10,10,10,10
45.49546334,-73.55413768,10,6,10,9,6,9,3,7,7,10,9,0,10,9,10,9
45.52277958,-73.55138302,8,5,8,9,5,10,6,6,8,10,10,8,10,8,10,10
45.50993002,-73.56183841,10,4,8,5,5,10,7,7,10,10,10,6,10,10,10,10
45.51927364,-73.56215,10,5,9,9,8,10,8,7,10,10,10,7,10,9,10,10
45.51895947,-73.55398485,10,4,6,7,7,9,3,7,9,10,10,8,10,9,10,10
45.51248163,-73.5671986,10,3,10,7,6,10,8,7,10,10,10,7,10,10,10,10
45.52352536,-73.55193558,9,4,9,9,6,10,7,7,10,10,10,6,10,8,10,10
45.51133253,-73.55043409,10,9,8,3,6,7,3,7,8,10,8,2,10,9,10,10
45.50599868,-73.56937769,10,4,10,9,6,10,9,7,10,10,10,6,10,10,10,10
45.53018748,-73.56129339,8,7,8,10,8,10,9,6,8,10,10,3,10,8,9,10
45.5189501,-73.55936848,10,3,8,8,6,10,6,7,10,10,10,7,10,9,10,10
45.53104916,-73.55168129,7,4,8,10,7,10,9,7,7,10,10,8,10,8,10,10
45.50222012,-73.55743386,10,5,8,8,5,10,3,10,9,10,10,8,10,10,10,10
45.49578949,-73.57497258,10,4,10,6,6,9,9,7,10,10,10,0,10,10,10,10
45.49377653,-73.57500371,10,7,8,7,5,9,10,7,9,10,9,0,10,10,10,10
45.50530986,-73.5594441,10,10,8,7,5,10,5,7,9,9,10,0,10,10,10,10
45.49137362,-73.5666608,10,5,9,9,7,10,6,6,8,10,10,8,10,10,10,9
45.50052922,-73.55767692,10,5,6,9,5,10,3,10,10,9,10,3,10,10,10,10
45.53170188,-73.55130266,7,8,8,9,7,10,9,7,9,10,10,5,10,8,10,10
45.49291261,-73.57922447,10,3,8,9,8,10,10,7,10,10,10,8,10,10,10,10
45.51010691,-73.56084138,10,4,9,4,5,10,6,7,10,10,10,4,10,10,10,10
45.5199239,-73.56050069,10,3,8,9,7,10,7,7,10,10,10,8,10,9,10,10
45.50310824,-73.55751644,10,5,8,8,5,10,3,10,9,10,10,8,10,10,10,10
45.49671708,-73.57550309,10,4,8,6,4,9,9,7,10,10,10,0,10,10,10,10
45.52481732,-73.55965371,9,4,10,10,7,10,8,7,9,10,10,7,10,9,10,10
45.50275439,-73.56300245,10,5,10,8,4,9,6,7,9,10,10,8,10,10,10,10
45.50836055,-73.57083602,10,6,9,9,5,10,9,7,10,10,10,2,10,10,10,10
45.50044506,-73.58062448,10,6,10,8,7,8,9,6,9,10,10,7,10,10,10,10
45.49437814,-73.58011934,10,3,10,8,6,10,10,7,10,10,10,4,10,10,10,10
45.49907341,-73.5634913,10,10,8,10,5,8,6,7,9,10,7,0,10,10,10,10
45.51385206,-73.55919793,10,8,8,5,5,10,6,7,10,10,10,2,10,10,10,10
45.49794935,-73.5777631,10,6,8,6,4,10,9,7,10,10,10,5,10,10,10,10
45.51018624,-73.56014911,10,8,9,4,5,10,5,7,10,10,10,3,10,10,10,10
45.51453563,-73.5680721,10,3,10,9,7,10,9,7,10,10,10,4,10,10,10,10
45.50952893,-73.55317488,10,7,10,4,5,9,3,9,9,10,10,2,10,9,10,10
45.52868836,-73.54945147,7,5,9,10,7,9,8,7,7,10,9,8,10,8,9,9
45.50647334,-73.56358226,10,8,9,5,4,10,7,7,10,10,10,0,10,10,10,10
45.51841005,-73.56470797,10,5,10,8,6,9,10,7,10,10,10,5,10,10,10,10
45.49258448,-73.57598532,10,7,10,9,7,10,10,7,9,10,10,1,10,10,10,10
45.50596675,-73.55165976,10,6,6,4,7,9,3,9,8,10,8,5,10,9,9,9
45.51876344,-73.56244205,10,5,9,9,8,10,8,7,10,10,10,7,10,9,10,10
45.50331735,-73.56375305,10,5,8,7,7,9,6,7,9,10,10,7,10,10,10,10
45.5269721,-73.56351936,9,4,8,9,7,10,7,6,8,10,10,7,10,9,10,10
45.50376795,-73.55872417,10,7,8,8,3,10,4,10,9,9,10,4,10,10,10,10
45.5047562,-73.55673369,10,7,6,7,4,10,4,10,10,10,10,7,10,10,10,10
45.52412216,-73.54934256,8,9,6,8,6,10,7,6,8,10,10,3,10,8,10,9
45.52501158,-73.54895693,8,7,6,9,4,10,8,6,8,10,10,2,10,8,10,10
45.53056825,-73.54950204,7,7,10,10,6,9,8,7,7,10,10,6,9,8,10,9
45.50539985,-73.5598764,10,10,8,7,5,10,5,7,9,9,10,0,10,10,10,10
45.51561408,-73.55718532,10,4,10,5,6,10,6,7,10,10,10,5,10,10,10,10
45.51555641,-73.54911018,9,10,5,5,5,7,3,5,8,8,8,1,10,8,9,10
45.51365642,-73.56752135,10,3,10,8,7,10,9,7,10,10,10,6,10,10,10,10
45.50237653,-73.5572759,10,5,8,8,5,10,3,10,9,10,10,8,10,10,10,10
45.50891474,-73.55134081,10,7,8,3,8,8,2,7,8,10,9,3,10,9,10,10
45.50192968,-73.55633208,10,5,6,8,3,10,3,10,10,10,10,8,10,10,10,10
45.50279901,-73.57878506,10,8,6,8,7,9,8,7,9,10,10,4,10,10,10,10
45.50476965,-73.56302591,10,8,9,7,4,9,5,7,9,10,10,5,10,10,10,10
45.50645402,-73.57142238,10,3,9,10,5,10,10,7,10,10,10,4,10,10,10,10
45.49740409,-73.55886143,10,9,10,10,4,9,4,7,8,9,8,0,10,10,10,10
45.50676337,-73.555603,10,7,8,6,6,10,3,10,9,10,10,4,10,10,10,10
45.50968068,-73.55769288,10,4,10,4,6,10,5,7,9,10,9,0,10,10,10,10
45.50217167,-73.58019517,10,4,8,8,8,8,8,7,9,10,10,6,10,10,10,10
45.4993365,-73.58423234,10,8,8,9,9,9,10,6,8,10,10,5,10,10,10,10
45.52740781,-73.55794882,9,6,8,10,6,10,10,6,8,10,10,6,10,9,10,10
45.5048805,-73.56615362,10,5,10,7,5,10,7,7,10,10,10,5,10,10,10,10
45.50168008,-73.55409876,10,5,6,7,7,10,3,10,8,10,10,7,10,10,10,10
45.50623854,-73.56568921,10,8,8,7,6,10,7,7,10,10,10,4,10,10,10,10
45.50888306,-73.57058548,10,6,8,8,7,10,9,7,10,10,10,5,10,10,10,10
45.51463262,-73.56590452,10,6,9,7,7,10,7,7,10,10,10,7,10,10,10,10
45.50598553,-73.57687732,10,7,5,10,7,10,10,7,9,10,10,5,10,10,10,10
45.51206742,-73.55385674,10,8,9,3,6,8,3,7,9,10,10,3,10,9,10,10
45.50488193,-73.56506849,10,9,8,7,5,9,7,7,10,10,10,2,10,10,10,10
45.51829419,-73.55371631,9,4,6,7,7,9,3,7,9,10,10,5,10,9,10,10
45.53177425,-73.56108072,8,3,9,10,8,10,10,6,8,10,10,5,10,8,9,10
45.5023285,-73.5789856,10,4,8,8,8,8,8,7,9,10,10,6,10,10,10,10
45.5173222,-73.55432495,10,4,8,7,6,9,4,7,10,10,10,5,10,9,10,10
45.50217507,-73.57632553,10,8,6,9,6,9,9,7,10,10,10,0,10,10,10,10
45.50207767,-73.55861251,10,6,8,9,3,10,4,10,10,9,10,5,10,10,10,10
45.51619667,-73.55759301,10,3,10,6,6,10,6,7,10,10,10,7,10,10,10,10
45.52102237,-73.55340784,9,4,8,9,5,10,5,7,9,10,10,7,10,9,10,10
45.4929332,-73.56977598,10,4,6,8,8,9,8,6,8,10,9,2,10,10,10,10
45.50195524,-73.5777585,10,8,6,8,7,9,8,7,9,10,10,4,10,10,10,10
45.5045082,-73.56259744,10,5,9,7,5,10,5,7,9,10,10,6,10,10,10,10
45.52090423,-73.56346444,10,3,8,10,7,10,8,7,10,10,10,8,10,9,10,10
45.5039098,-73.55952051,10,5,9,7,4,10,4,10,9,9,10,5,10,10,10,10
45.49406201,-73.5842557,10,7,10,8,6,10,10,7,8,10,10,2,10,10,10,10
45.52639099,-73.55735124,8,4,8,10,8,10,9,6,8,10,10,8,10,8,9,10
45.52877869,-73.5631581,9,4,6,10,7,10,8,6,8,10,10,6,10,9,9,10
45.5059485,-73.5553442,10,7,6,6,3,10,3,10,9,10,10,5,10,10,10,10
45.50661602,-73.57698358,10,7,5,10,7,10,10,7,9,10,10,5,10,10,10,10
45.4960022,-73.58408259,10,7,8,7,6,10,10,7,8,9,10,5,10,10,10,10
45.49788874,-73.58388164,10,4,8,9,7,9,10,6,8,10,10,7,10,10,10,10
45.49940605,-73.56239968,10,8,8,10,6,9,5,7,10,10,8,0,10,10,10,10
45.49712302,-73.55581542,10,5,10,9,6,9,3,7,7,10,10,1,10,10,10,9
45.52747416,-73.56394072,9,8,6,10,8,9,7,6,8,10,10,3,10,9,10,10
45.49396406,-73.58293246,10,3,10,8,4,10,10,7,8,10,10,6,10,10,10,10
45.4947987,-73.5756626,10,3,8,7,6,10,9,7,10,10,10,1,10,10,10,10
45.52832083,-73.56009805,8,4,6,9,7,10,9,6,8,10,10,7,10,8,9,10
45.49048935,-73.5827129,10,5,9,10,6,10,10,7,10,10,10,4,10,10,10,10
45.51518512,-73.55804605,10,7,10,5,6,10,6,7,10,10,10,3,10,10,10,10
45.52430764,-73.54721714,8,10,5,7,6,10,6,6,7,10,8,0,10,8,10,9
45.51526392,-73.56634538,10,3,8,8,7,10,8,7,10,10,10,4,10,10,10,10
45.48896801,-73.58001873,10,8,8,10,7,10,10,7,7,10,9,2,10,10,10,10
45.50701254,-73.56871759,10,7,10,8,5,10,8,7,10,10,10,4,10,10,10,10
45.52392848,-73.56413568,9,4,6,10,9,10,7,7,9,10,10,7,10,9,9,10
45.49073448,-73.58203271,10,3,6,10,8,10,10,7,8,10,10,8,10,10,10,10
45.49969911,-73.55703809,10,5,8,9,5,10,3,9,8,10,10,6,10,10,10,10
45.50255037,-73.5717375,10,7,10,9,4,10,9,7,10,10,10,2,10,10,10,10
45.52174484,-73.55954809,9,3,8,10,7,10,6,7,9,10,10,8,10,9,10,10
45.51655443,-73.56645254,10,5,8,8,7,9,9,7,10,10,10,0,10,10,10,10
45.51713477,-73.55696459,10,5,9,6,6,10,5,7,10,10,10,2,10,9,10,10
45.50703113,-73.55222764,10,7,6,5,6,9,3,9,10,10,8,1,10,10,10,10
45.51789318,-73.55904096,10,3,9,8,7,10,7,7,10,10,10,7,10,10,10,10
45.53636826,-73.55295571,7,5,8,10,8,10,9,6,6,9,10,8,9,7,9,9
45.5173439,-73.55713843,10,5,8,7,5,10,6,7,10,10,10,6,10,10,10,10
45.51999217,-73.55357902,9,4,8,8,7,9,4,7,9,10,10,8,10,9,10,10
45.5062794,-73.57142322,10,3,9,10,5,10,10,7,10,10,10,4,10,10,10,10
45.50601623,-73.56845546,10,4,10,8,6,10,8,7,10,10,10,5,10,10,10,10
45.49224791,-73.58151035,10,5,8,9,4,10,9,7,10,10,10,5,10,10,10,10
45.51351888,-73.56836138,10,3,10,8,7,10,9,7,10,10,10,4,10,10,10,10
45.52016995,-73.55531176,10,3,8,9,6,9,4,7,10,10,10,7,10,9,10,10
45.49211704,-73.57584735,10,3,10,9,7,10,10,7,8,10,9,0,10,10,10,10
45.51762838,-73.55727271,10,5,6,7,5,10,6,7,10,10,10,2,10,10,10,10
45.49489706,-73.58296459,10,7,10,7,7,10,10,7,8,9,10,2,10,10,10,10
45.49948175,-73.55592788,10,5,8,9,4,10,3,9,8,10,10,5,10,10,10,10
45.50868565,-73.5699345,10,6,8,8,7,10,9,7,10,10,10,5,10,10,10,10
45.51711472,-73.56370899,10,5,8,8,6,10,9,7,10,10,10,6,10,10,10,10
45.51023867,-73.56997656,10,7,8,8,6,10,10,7,10,10,10,2,10,10,10,10
45.5151837,-73.56703746,10,3,8,8,7,10,8,7,10,10,10,4,10,10,10,10
45.50410285,-73.56018935,10,8,10,8,4,10,4,9,9,9,10,3,10,10,10,10
45.50340442,-73.55843945,10,4,8,8,3,10,3,10,9,9,10,8,10,10,10,10
45.51148292,-73.57923954,10,9,5,7,6,9,8,7,9,10,10,3,10,10,10,10
45.50129438,-73.58017291,10,4,8,7,7,8,9,6,9,10,10,4,10,10,10,10
45.50490467,-73.56123631,10,8,8,7,5,10,5,7,9,10,10,4,10,10,10,10
45.50243056,-73.57742182,10,8,6,8,7,9,8,7,9,10,10,4,10,10,10,10
45.5201448,-73.56542382,10,5,9,9,8,10,9,7,10,10,10,5,10,9,10,10
45.50497546,-73.56369912,10,8,8,7,4,9,6,7,9,10,10,4,10,10,10,10
45.50353308,-73.56448993,10,5,8,7,4,9,7,7,9,10,10,4,10,10,10,10
45.51689986,-73.56358721,10,8,6,7,5,9,8,7,10,10,10,3,10,10,10,10
45.50616625,-73.56807252,10,4,9,8,4,10,8,7,10,10,10,5,10,10,10,10
45.50390751,-73.55796922,10,4,8,7,3,10,4,10,9,10,10,8,10,10,10,10
45.52977872,-73.54786267,7,9,8,10,7,8,7,6,7,10,9,6,10,8,9,9
45.49332542,-73.57573599,10,7,10,8,7,9,10,7,9,10,10,0,10,10,10,10
45.5097653,-73.58509077,10,6,4,9,7,9,9,6,8,10,10,6,10,10,9,10
45.49467374,-73.59026206,9,10,8,9,7,7,10,5,7,10,9,5,10,10,10,9
45.4931145,-73.58375228,10,3,10,9,7,10,9,7,8,10,10,6,10,10,10,10
45.51018263,-73.5529071,10,5,10,3,3,8,3,7,9,10,10,7,10,9,10,10
45.49235578,-73.5809123,10,5,9,9,5,10,10,7,10,10,10,4,10,10,10,10
45.50382501,-73.56013602,10,8,10,8,4,10,4,9,9,9,10,3,10,10,10,10
45.51326969,-73.56736933,10,3,10,7,6,10,8,7,10,10,10,7,10,10,10,10
45.50416208,-73.56367927,10,5,8,7,5,9,6,7,9,10,10,6,10,10,10,10
45.52915954,-73.55484489,8,5,8,10,6,10,10,7,7,10,10,8,10,8,9,10
45.51907916,-73.55801851,10,3,6,9,5,10,6,7,10,10,10,7,10,9,10,10
45.4911769,-73.57985605,10,3,8,10,8,10,10,7,8,10,10,7,10,10,10,10
45.50096562,-73.55788356,10,4,6,9,5,10,3,10,10,9,10,5,10,10,10,10
45.50863791,-73.57102531,10,6,8,9,4,10,9,7,10,10,10,2,10,10,10,10
45.5225139,-73.54731296,8,6,5,7,4,10,5,6,7,8,8,0,10,8,10,9
45.51730179,-73.56079721,10,3,10,8,8,10,7,7,10,10,10,8,10,10,10,10
45.50020964,-73.56316632,10,8,8,9,5,8,5,7,10,10,10,2,10,10,10,10
45.52023977,-73.55217508,9,4,8,8,7,9,4,7,8,10,10,5,10,9,10,10
45.49380874,-73.57800615,10,3,10,9,8,10,10,7,9,10,10,8,10,10,10,10
45.50007352,-73.55549162,10,5,6,8,6,10,3,10,9,10,10,6,10,10,10,10
45.52352215,-73.55132883,8,5,8,9,4,10,6,6,8,10,10,6,10,8,10,10
45.49223333,-73.57874693,10,3,9,9,7,10,10,7,9,10,10,8,10,10,10,10
45.50792593,-73.56996611,10,7,10,9,5,10,9,7,10,10,10,4,10,10,10,10
45.50175075,-73.55679774,10,5,6,8,3,10,3,10,10,10,10,8,10,10,10,10
45.50216603,-73.56423487,10,5,9,9,4,9,7,7,9,10,10,3,10,10,10,10
45.52121208,-73.56077651,10,3,6,10,8,10,7,7,9,10,10,8,10,9,10,10
45.49798944,-73.55695611,10,5,9,9,5,9,3,9,8,10,10,5,10,10,10,9
45.52235416,-73.54838482,8,6,6,7,5,10,5,6,8,10,10,3,10,8,10,9
45.52002492,-73.56460829,10,5,9,9,8,10,9,7,10,10,10,5,10,9,10,10
45.49730493,-73.55483348,10,6,8,8,5,9,3,7,7,10,10,7,10,9,9,9
45.50570325,-73.56493469,10,8,8,7,6,10,7,7,10,10,10,4,10,10,10,10
45.49717788,-73.57433686,10,7,8,6,6,9,8,7,10,10,10,0,10,10,10,10
45.52179283,-73.5648569,10,3,8,9,8,10,9,7,9,10,10,5,10,9,10,10
45.49406449,-73.58093023,10,6,10,8,6,10,10,7,9,10,10,3,10,10,10,10
45.50667873,-73.56941649,10,8,10,9,4,9,9,6,10,10,10,2,10,10,10,10
45.51083782,-73.55407396,10,4,10,3,7,9,3,7,9,10,10,3,10,9,10,10
45.50698664,-73.56954025,10,6,9,9,6,10,9,7,10,10,10,5,10,10,10,10
45.50417808,-73.55836091,10,7,8,8,3,10,4,10,9,9,10,4,10,10,10,10
45.52716093,-73.56338963,9,4,8,9,7,10,7,6,8,10,10,7,10,9,10,10
45.50430687,-73.55401986,10,5,5,6,3,10,3,10,10,10,10,5,10,10,10,10
45.50913677,-73.56277665,10,7,8,5,6,10,7,7,10,10,10,1,10,10,10,10
45.49742198,-73.5455242,6,10,1,1,5,3,0,0,4,9,4,4,8,7,7,5
45.52852113,-73.56228216,8,4,6,10,8,10,9,6,8,10,10,6,10,9,9,10
45.52497644,-73.56355366,9,4,6,10,7,10,7,6,9,10,10,7,10,9,10,10
45.50339223,-73.57610823,10,5,6,9,7,9,9,6,9,10,10,4,10,10,10,10
45.53197029,-73.54549624,7,7,10,9,6,10,6,5,6,8,8,7,9,7,9,7
45.49983706,-73.58253805,10,8,9,9,8,9,10,6,8,10,10,5,10,10,10,10
45.5362928,-73.5506224,7,7,8,10,6,10,8,6,6,9,8,1,9,8,10,9
45.51955371,-73.56216553,10,5,8,9,6,10,7,7,10,10,10,5,10,9,10,10
45.50474417,-73.55796754,10,6,8,7,4,10,4,10,9,10,10,7,10,10,10,10
45.49986649,-73.55545176,10,9,6,8,4,10,3,9,8,10,10,1,10,10,10,10
45.50350615,-73.56328804,10,5,9,8,4,9,6,7,9,10,10,7,10,10,10,10
45.52824198,-73.56108263,8,4,6,9,6,10,9,6,8,10,10,8,10,9,9,10
45.49793223,-73.55865538,10,7,10,10,6,9,4,9,8,9,9,0,10,10,10,9
45.53426994,-73.55948921,7,4,9,10,8,9,9,6,7,10,10,9,10,8,9,10
45.49580129,-73.5802553,10,3,9,7,4,10,10,7,9,8,10,4,10,10,10,10
45.50352782,-73.56453707,10,5,8,7,4,9,7,7,9,10,10,4,10,10,10,10
45.52030923,-73.56148672,10,3,8,9,7,10,7,7,10,10,10,8,10,9,10,10
45.5007596,-73.55695612,10,5,8,8,4,10,3,10,10,10,10,0,10,10,10,10
45.51184524,-73.55193765,10,7,9,3,4,8,3,7,8,10,10,6,10,9,10,10
45.53326752,-73.55967165,7,4,10,10,8,9,9,6,7,10,10,8,10,8,9,10
45.50422152,-73.55934341,10,8,9,7,4,10,4,10,9,9,10,5,10,10,10,10
45.50378525,-73.56570411,10,9,8,7,5,10,7,7,10,10,10,1,10,10,10,10
45.52007492,-73.5594401,10,3,6,9,5,10,6,7,10,10,10,7,10,9,10,10
45.52706513,-73.54595734,7,6,6,9,6,8,6,6,7,10,7,1,9,8,9,8
45.51633564,-73.55636196,10,4,10,6,7,10,5,7,10,10,10,7,10,10,10,10
45.5063123,-73.55380291,10,5,6,5,3,10,3,9,10,10,10,7,10,10,10,10
45.50500801,-73.55977638,10,10,8,7,5,10,5,7,9,9,10,0,10,10,10,10
45.50535922,-73.55484284,10,5,6,6,6,10,3,10,10,10,10,7,10,10,10,10
45.49189344,-73.56703681,10,5,8,8,7,10,6,6,8,10,10,8,10,10,10,10
45.50729602,-73.57009126,10,6,9,9,6,10,9,7,10,10,10,5,10,10,10,10
45.50213121,-73.56292059,10,9,9,9,5,9,6,7,10,10,10,1,10,10,10,10
45.5352599,-73.55168421,7,4,10,10,7,10,8,6,7,10,10,7,9,8,10,9
45.51125208,-73.56496471,10,3,10,6,7,10,8,7,10,10,10,6,10,10,10,10
45.50577244,-73.55679159,10,7,6,6,5,10,4,10,10,10,10,4,10,10,10,10
45.49843049,-73.56250335,10,8,8,10,6,8,5,7,8,10,7,0,10,10,10,10
45.52745909,-73.54997136,8,8,8,10,6,9,8,7,7,10,10,6,10,8,10,10
45.50475683,-73.55921651,10,8,8,7,5,10,5,10,10,9,10,0,10,10,10,10
45.53136261,-73.55601592,8,4,9,10,7,10,10,7,7,10,10,9,10,8,10,10
45.50112062,-73.55509734,10,7,6,8,8,10,3,10,8,10,10,6,10,10,10,10
45.52717736,-73.55625923,8,4,6,10,8,10,9,7,8,10,10,7,10,8,10,10
45.50144113,-73.55358223,10,7,6,7,7,10,2,10,8,10,10,5,10,10,9,10
45.5012026,-73.55762565,10,4,6,9,5,10,3,10,10,9,10,5,10,10,10,10
45.52970237,-73.54668227,7,9,6,9,6,8,6,6,7,10,9,5,9,8,9,9
45.52061371,-73.5504522,8,9,6,8,6,9,4,6,8,10,10,3,10,8,10,10
45.51228439,-73.56856578,10,3,10,7,5,10,9,7,10,10,10,4,10,10,10,10
45.51989998,-73.55971473,10,3,6,9,5,10,6,7,10,10,10,7,10,9,10,10
45.51888471,-73.56546265,10,3,9,8,7,9,9,7,10,10,10,5,10,10,10,10
45.49643337,-73.60186621,7,10,1,7,10,7,7,4,5,10,6,8,9,8,9,7
45.51893603,-73.55736076,10,3,6,8,6,10,5,7,10,10,10,5,10,9,10,10
45.52296217,-73.55167945,8,5,8,9,5,10,6,6,8,10,10,8,10,8,10,10
45.49772424,-73.55489867,10,6,8,8,5,9,3,7,7,10,10,7,10,9,9,9
45.5085241,-73.57048657,10,6,9,9,5,10,9,7,10,10,10,2,10,10,10,10
45.50388095,-73.5543873,10,5,5,6,3,10,3,10,10,10,9,5,10,10,10,10
45.53079565,-73.55035445,7,5,9,10,7,9,8,7,7,10,10,8,9,8,9,9
45.53612464,-73.55186426,7,5,8,10,8,10,9,6,6,9,10,8,9,7,9,9
45.50304941,-73.56180007,10,10,10,8,4,9,5,9,10,10,10,0,10,10,10,10
45.49484673,-73.5830058,10,7,10,7,7,10,10,7,8,9,10,2,10,10,10,10
45.50425916,-73.55871945,10,4,8,7,3,10,4,10,9,9,10,7,10,10,10,10
45.50317479,-73.55938499,10,5,9,8,4,10,4,10,9,8,10,5,10,10,10,10
45.50558413,-73.55853767,10,8,8,7,5,10,5,10,10,9,10,0,10,10,10,10
45.51852767,-73.55579161,10,4,6,7,6,9,4,7,10,10,10,6,10,9,10,10
45.50187976,-73.55861233,10,6,8,9,3,10,4,10,10,9,10,5,10,10,10,10
45.53025233,-73.55898407,8,4,10,10,6,9,10,6,8,10,10,7,10,8,9,10
45.49953737,-73.57575839,10,4,10,7,4,9,7,7,10,9,10,3,10,10,10,10
45.49035413,-73.58496304,10,6,9,10,7,10,10,7,9,10,10,4,10,10,10,10
45.50414098,-73.55787573,10,4,8,7,3,10,4,10,9,10,10,8,10,10,10,10
45.49155891,-73.57735726,10,7,10,9,7,10,10,7,8,10,10,1,10,10,10,10
45.49929983,-73.5620728,10,8,8,10,6,9,5,7,10,10,8,0,10,10,10,10
45.50781267,-73.57102194,10,3,8,9,3,10,9,7,10,10,10,5,10,10,10,10
45.51678098,-73.55582865,10,5,9,6,6,10,5,7,10,10,10,2,10,9,10,10
45.50045495,-73.58098952,10,6,10,8,7,8,9,6,9,10,10,7,10,10,10,10
45.50598564,-73.55704613,10,7,6,6,5,10,4,10,10,10,10,4,10,10,10,10
45.51390945,-73.55865832,10,8,8,5,5,10,6,7,10,10,10,2,10,10,10,10
45.51596621,-73.55724901,10,3,10,6,6,10,6,7,10,10,10,7,10,10,10,10
45.50136548,-73.55556973,10,7,6,8,8,10,3,10,8,10,10,6,10,10,10,10
45.48961685,-73.58146518,10,3,6,10,9,10,10,7,8,10,10,6,10,10,10,10
45.4921819,-73.5746889,10,8,6,8,8,8,9,6,8,10,6,0,10,10,10,10
45.5050731,-73.56205702,10,5,8,7,5,10,5,7,9,10,10,5,10,10,10,10
45.50532445,-73.56507808,10,8,8,7,6,10,7,7,10,10,10,4,10,10,10,10
45.50361805,-73.5637189,10,5,8,7,7,9,6,7,9,10,10,7,10,10,10,10
45.53569878,-73.5525464,7,5,9,10,8,10,9,6,7,9,10,8,9,8,10,9
45.50203606,-73.58001956,10,4,8,8,8,8,8,7,9,10,10,6,10,10,10,10
45.52990232,-73.55619659,8,4,10,10,7,10,10,7,8,10,10,3,10,8,9,10
45.49310357,-73.58151576,10,5,10,9,7,10,10,7,10,10,10,6,10,10,10,10
45.4916588,-73.5763936,10,4,10,9,8,9,10,7,8,10,8,0,10,10,10,10
45.51924956,-73.55582198,10,3,6,8,4,10,5,7,10,10,10,7,10,9,10,10
45.51394918,-73.55344794,10,8,8,4,8,9,4,7,9,10,9,0,10,9,10,10
45.49332434,-73.57411702,10,7,8,7,5,9,10,7,9,10,9,0,10,10,10,10
45.52778299,-73.5601191,9,4,6,9,7,10,9,6,8,10,10,8,10,9,10,10
45.50284214,-73.56029605,10,4,10,8,4,10,4,10,9,9,10,3,10,10,10,10
45.50521717,-73.55367553,10,5,6,5,5,10,3,10,9,10,9,5,10,10,10,10
45.51963587,-73.56025377,10,3,8,9,7,10,7,7,10,10,10,8,10,9,10,10
45.52944663,-73.56291113,8,4,6,10,8,10,9,6,8,10,10,6,10,9,9,10
45.49285898,-73.57642932,10,7,10,9,7,10,10,7,9,10,10,1,10,10,10,10
45.50165682,-73.58011516,10,4,8,7,7,8,9,6,9,10,10,4,10,10,10,10
45.50026437,-73.5560159,10,7,8,9,5,10,3,10,8,10,10,3,10,10,10,10
45.5059917,-73.56267878,10,8,10,6,5,10,6,7,9,10,10,5,10,10,10,10
45.49841032,-73.57592825,10,5,9,6,4,10,8,7,10,9,10,5,10,10,10,10
45.4911703,-73.58035073,10,5,8,10,7,10,10,7,8,10,10,7,10,10,10,10
45.51075967,-73.56175552,10,4,10,5,5,10,7,7,10,10,10,7,10,10,10,10
45.5206319,-73.56459545,10,5,8,9,7,10,9,7,10,10,10,4,10,9,10,10
45.51816924,-73.56335532,10,3,9,8,8,9,9,7,10,10,10,8,10,10,10,10
45.51710184,-73.55538519,10,4,8,7,6,10,5,7,10,10,10,5,10,9,10,10
45.49634433,-73.55579278,10,9,10,9,5,9,3,7,7,10,9,0,10,10,10,9
45.49324806,-73.58027857,10,5,9,9,6,10,10,7,10,10,10,2,10,10,10,10
45.51975404,-73.55406051,10,4,6,8,7,9,4,7,10,10,10,8,10,9,10,10
45.51982073,-73.56015282,10,3,8,9,7,10,7,7,10,10,10,8,10,9,10,10
45.49658591,-73.57489473,10,4,8,6,4,9,9,7,10,10,10,0,10,10,10,10
45.50196273,-73.5575401,10,5,8,8,4,10,3,10,9,10,10,7,10,10,10,10
45.49486805,-73.57143152,10,5,8,7,6,9,9,7,10,10,8,0,10,10,10,10
45.50221847,-73.5576111,10,5,8,8,5,10,3,10,9,10,10,8,10,10,10,10
45.50650209,-73.56524615,10,8,10,6,5,10,7,7,10,10,10,5,10,10,10,10
45.50424362,-73.56008452,10,8,10,8,4,10,4,9,9,9,10,3,10,10,10,10
45.51595372,-73.55512766,10,4,10,5,6,9,4,7,9,10,10,4,10,9,10,10
45.518648,-73.55493893,10,4,6,7,6,9,4,7,10,10,10,6,10,9,10,10
45.51429803,-73.55688775,10,8,10,5,5,10,5,7,10,10,10,3,10,10,10,10
45.50842032,-73.57076311,10,6,9,9,5,10,9,7,10,10,10,2,10,10,10,10
45.50306171,-73.55539367,10,5,6,7,4,10,3,10,10,10,10,7,10,10,10,10
45.49918826,-73.55675907,10,7,8,9,5,10,3,9,8,10,10,6,10,10,10,10
45.5055279,-73.55780252,10,7,6,6,5,10,5,10,10,9,10,4,10,10,10,10
45.50361231,-73.55939289,10,5,9,8,4,10,4,10,9,8,10,5,10,10,10,10
45.49227192,-73.57532108,10,4,10,8,6,9,10,7,9,10,9,1,10,10,10,10
45.51395415,-73.55762608,10,8,8,5,5,10,6,7,10,10,10,2,10,10,10,10
45.5112541,-73.55086899,10,9,8,3,6,7,3,7,8,10,8,2,10,9,10,10
45.49512172,-73.57617359,10,3,8,7,6,10,9,7,10,10,10,1,10,10,10,10
45.52011864,-73.55936785,10,3,6,9,6,10,6,7,10,10,10,7,10,9,10,10
45.50676065,-73.56933511,10,8,10,9,4,9,9,6,10,10,10,2,10,10,10,10
45.50786302,-73.56786262,10,7,9,7,5,10,8,7,10,10,10,4,10,10,10,10
45.51203604,-73.56745777,10,3,10,7,7,10,9,7,10,10,10,7,10,10,10,10
45.52514061,-73.55621435,8,6,8,10,8,10,8,7,8,10,10,3,10,8,10,10
45.51777532,-73.55952953,10,3,9,8,7,10,7,7,10,10,10,7,10,10,10,10
45.52136485,-73.55734044,9,3,8,9,6,10,6,7,9,10,10,8,10,9,10,10
45.51886835,-73.557339,10,3,6,8,6,10,5,7,10,10,10,5,10,9,10,10
45.5067951,-73.5695756,10,8,10,9,4,9,9,6,10,10,10,2,10,10,10,10
45.50029118,-73.57913898,10,4,8,7,3,8,8,7,9,10,10,6,10,10,10,10
45.50136095,-73.5559145,10,5,6,8,5,10,3,10,10,10,10,8,10,10,10,10
45.49445292,-73.58102351,10,3,10,7,6,10,10,7,9,8,10,4,10,10,10,10
45.51697805,-73.56529332,10,7,9,8,5,9,9,7,10,10,10,3,10,10,10,10
45.52919322,-73.56326113,8,4,6,10,8,10,9,6,8,10,10,6,10,9,9,10
45.50161695,-73.58122026,10,8,10,8,7,8,9,6,9,10,10,5,10,10,10,10
45.49483618,-73.58325214,10,7,10,7,7,10,10,7,8,9,10,2,10,10,10,10
45.50280163,-73.56276063,10,5,10,8,4,9,6,7,9,10,10,8,10,10,10,10
45.52841224,-73.56004633,8,4,6,10,8,10,9,6,8,10,10,6,10,8,9,10
45.50410848,-73.55812856,10,4,8,7,3,10,4,10,9,10,10,8,10,10,10,10
45.52448277,-73.56073171,9,4,9,10,7,10,8,7,10,10,10,8,10,9,9,10
45.50084733,-73.56128727,10,5,8,9,5,9,5,9,10,10,10,4,10,10,10,10
45.51024377,-73.5528629,10,5,10,3,3,8,3,7,9,10,10,7,10,9,10,10
45.5001149,-73.58231682,10,4,8,8,8,9,10,6,9,10,10,7,10,10,10,10
45.50192671,-73.57591583,10,8,8,9,5,9,9,7,10,10,10,0,10,10,10,10
45.49288198,-73.5777908,10,3,9,9,7,10,10,7,9,10,10,8,10,10,10,10
45.53669564,-73.55697429,7,4,9,10,8,10,9,6,6,10,10,8,9,7,9,9
45.49409413,-73.58517891,10,7,9,9,7,10,9,7,8,10,10,3,10,10,10,10
45.51761561,-73.56374992,10,5,8,8,6,10,9,7,10,10,10,6,10,10,10,10
45.51704232,-73.55723551,10,3,9,6,6,10,5,7,10,10,10,5,10,10,10,10
45.49161987,-73.566898,9,6,6,7,7,9,6,6,7,10,9,9,10,10,10,9
45.50097035,-73.55450723,10,5,6,7,5,10,3,10,8,10,10,7,10,10,9,10
45.51516563,-73.56475757,10,4,8,7,6,9,7,7,10,10,10,7,10,10,10,10
45.49486894,-73.60190582,8,10,2,9,9,7,9,4,5,10,7,4,9,8,9,7
45.50346946,-73.55969454,10,5,9,8,4,10,4,10,9,8,10,5,10,10,10,10
45.52112553,-73.55742608,9,3,8,9,6,9,5,7,9,10,10,6,10,9,10,10
45.49270503,-73.58228148,10,5,9,9,5,10,9,7,10,10,10,6,10,10,10,10
45.49287581,-73.57504022,10,4,10,8,6,9,10,7,9,10,9,1,10,10,10,10
45.49154237,-73.58410423,10,7,10,10,7,10,10,7,8,10,10,4,10,10,10,10
45.49451887,-73.57694872,10,6,8,7,6,10,10,7,10,10,10,1,10,10,10,10
45.50344683,-73.5591311,10,5,9,8,4,10,4,10,9,8,10,5,10,10,10,10
45.51184104,-73.56631734,10,3,10,6,7,10,8,7,10,10,10,6,10,10,10,10
45.5191254,-73.55670059,10,3,6,8,6,10,5,7,10,10,10,6,10,9,10,10
45.51857671,-73.55907364,10,5,8,8,6,10,7,7,10,10,10,2,10,9,10,10
45.50409492,-73.56302363,10,5,9,7,4,9,5,7,9,10,10,6,10,10,10,10
45.50390218,-73.56465807,10,5,8,7,4,9,7,7,9,10,10,4,10,10,10,10
45.53280701,-73.55610755,7,4,9,10,6,10,10,7,7,10,10,8,10,8,10,10
45.4939428,-73.58098512,10,6,10,8,6,10,10,7,9,10,10,3,10,10,10,10
45.5120738,-73.5685662,10,6,9,7,5,10,10,7,10,10,10,3,10,10,10,10
45.50326115,-73.55938212,10,5,9,8,4,10,4,10,9,8,10,5,10,10,10,10
45.51482534,-73.55419333,10,4,10,5,6,9,4,7,9,10,10,3,10,9,10,10
45.50002494,-73.57298252,10,8,8,7,4,10,7,7,10,9,10,0,10,10,10,10
45.51678044,-73.55764881,10,5,8,7,5,10,6,7,10,10,10,3,10,10,10,10
45.50708915,-73.5781244,10,8,5,10,7,9,10,7,9,10,10,5,10,10,10,10
45.53760888,-73.54927602,6,8,6,8,7,9,7,6,6,8,6,0,9,7,9,8
45.51813487,-73.56126426,10,3,10,8,8,10,7,7,10,10,10,8,10,10,10,10
45.50672343,-73.56923335,10,8,10,9,4,9,9,6,10,10,10,2,10,10,10,10
45.50484501,-73.56329408,10,8,9,7,4,9,5,7,9,10,10,5,10,10,10,10
45.49292871,-73.59736995,8,9,4,10,10,6,10,5,6,10,7,8,10,9,9,8
45.51038221,-73.5787778,10,8,5,8,8,9,8,7,9,10,10,3,10,10,10,10
45.5162147,-73.56634368,10,5,8,8,7,9,9,7,10,10,10,0,10,10,10,10
45.51947556,-73.55291642,9,4,6,7,8,9,4,7,9,10,10,5,10,9,10,10
45.50892133,-73.55325664,10,5,10,4,6,9,3,9,9,10,10,7,10,9,10,10
45.49858004,-73.58449148,10,4,8,9,7,9,10,6,8,10,10,7,10,10,10,10
45.51282991,-73.54988846,9,6,6,2,4,7,3,7,8,10,7,2,10,9,9,9
45.51247613,-73.55285546,10,5,8,3,5,9,4,7,8,10,10,5,10,9,10,10
45.50716639,-73.57023569,10,4,8,9,3,10,9,7,10,10,10,6,10,10,10,10
45.51643199,-73.55402588,10,4,8,6,5,9,4,7,9,10,10,4,10,9,10,10
45.50600931,-73.55659437,10,7,6,6,5,10,4,10,10,10,10,4,10,10,10,10
45.50209298,-73.55519547,10,5,6,7,7,10,3,10,10,10,10,7,10,10,10,10
45.51912016,-73.55531498,10,3,6,8,6,9,4,7,10,10,10,8,10,9,10,10
45.50376379,-73.5577545,10,7,8,8,4,10,3,10,9,10,10,2,10,10,10,10
45.500003,-73.55498044,10,5,6,8,6,10,3,10,9,10,10,6,10,10,10,10
45.52072551,-73.55399044,9,6,8,8,5,9,5,7,10,10,10,6,10,9,10,10
45.50525011,-73.56526512,10,8,8,7,6,10,7,7,10,10,10,4,10,10,10,10
45.51980877,-73.55633326,10,3,8,9,6,10,5,7,10,10,10,6,10,9,10,10
45.50806482,-73.56991907,10,7,10,9,5,10,9,7,10,10,10,4,10,10,10,10
45.48893243,-73.58074612,10,8,6,10,6,10,10,6,7,10,10,2,10,10,10,10
45.49955283,-73.58126057,10,4,8,8,8,9,10,6,9,10,10,7,10,10,10,10
45.51836589,-73.55193411,9,8,6,7,5,8,3,7,8,10,10,3,10,9,10,10
45.49087088,-73.56847425,10,4,8,9,8,9,7,7,8,10,10,7,10,9,10,9
45.51232467,-73.56456433,10,6,9,7,7,10,7,7,10,10,10,7,10,10,10,10
45.5042336,-73.56014004,10,8,10,8,4,10,4,9,9,9,10,3,10,10,10,10
45.52802263,-73.56107396,8,4,6,9,6,10,9,6,8,10,10,8,10,9,9,10
45.50746039,-73.55307268,10,5,8,5,6,9,3,9,10,10,10,4,10,10,10,10
45.51340539,-73.56313873,10,4,9,6,7,9,6,7,10,10,10,5,10,10,10,10
45.491727,-73.58031849,10,3,8,10,7,10,10,7,8,10,10,8,10,10,10,10
45.50047605,-73.56158601,10,8,8,10,6,9,5,7,10,10,8,0,10,10,10,10
45.50382716,-73.55518127,10,5,5,7,3,10,3,10,10,10,10,4,10,10,10,10
45.51790138,-73.55487232,10,4,8,7,6,9,4,7,10,10,10,5,10,9,10,10
45.49916448,-73.56338837,10,10,8,10,5,8,6,7,9,10,7,0,10,10,10,10
45.49574855,-73.58257607,10,3,9,7,7,10,10,7,8,9,10,4,10,10,10,10
45.49146209,-73.57653158,10,4,10,9,8,9,10,7,8,10,8,0,10,10,10,10
45.52948458,-73.55145035,7,5,10,10,7,10,8,7,7,10,10,8,9,8,9,9
45.50123285,-73.56069186,10,8,8,9,4,10,5,9,9,10,10,3,10,10,10,10
45.50828977,-73.57088311,10,6,9,9,5,10,9,7,10,10,10,2,10,10,10,10
45.49174089,-73.57894401,10,3,8,10,8,10,10,7,8,10,10,7,10,10,10,10
45.50547135,-73.5596407,10,10,8,7,5,10,5,7,9,9,10,0,10,10,10,10
45.52534721,-73.55034621,8,7,6,9,4,10,8,6,8,10,10,2,10,8,10,10
45.51820927,-73.55873708,10,5,8,8,6,10,7,7,10,10,10,2,10,9,10,10
45.51737286,-73.56427987,10,5,9,8,3,9,9,7,10,10,10,3,10,10,10,10
45.50466307,-73.56126228,10,9,9,7,5,10,5,9,9,10,10,3,10,10,10,10
45.49612821,-73.58083977,10,6,8,7,4,10,10,7,9,10,10,1,10,10,10,10
45.51904945,-73.55688839,10,3,6,8,6,10,5,7,10,10,10,6,10,9,10,10
45.49261288,-73.58448245,10,3,10,9,7,10,9,7,8,10,10,6,10,10,10,10
45.5224921,-73.56221325,10,3,6,10,7,10,7,7,9,10,10,7,10,9,10,10
45.52767806,-73.56338449,9,8,6,9,7,9,7,6,8,10,10,3,10,9,10,10
45.50016059,-73.57921496,10,4,8,7,3,8,8,7,9,10,10,6,10,10,10,10
45.4989347,-73.55660322,10,5,8,9,5,10,3,9,8,10,10,7,10,10,10,10
45.50566748,-73.56941826,10,4,10,9,6,10,9,7,10,10,10,6,10,10,10,10
45.5206132,-73.55768733,10,3,8,9,7,9,5,7,9,10,10,6,10,9,10,10
45.50532604,-73.55937346,10,10,8,7,5,10,5,7,9,9,10,0,10,10,10,10
45.52967869,-73.55045463,7,5,10,10,6,10,8,7,7,10,10,8,10,8,9,9
45.49726532,-73.57704848,10,3,9,6,6,10,9,7,10,8,10,3,10,10,10,10
45.49724035,-73.57554881,10,6,9,6,5,9,8,7,10,10,10,2,10,10,10,10
45.49201504,-73.57978443,10,3,8,10,7,10,10,7,8,10,10,8,10,10,10,10
45.50635017,-73.56793188,10,8,9,8,4,10,8,7,10,10,10,4,10,10,10,10
45.49710923,-73.55623124,10,9,10,9,5,9,3,7,7,10,9,0,10,10,10,9
45.5099991,-73.56137188,10,4,9,4,4,10,6,7,10,10,10,7,10,10,10,10
45.49389035,-73.57036761,10,10,6,7,6,9,8,6,9,10,8,0,10,10,10,10
45.49263657,-73.58202658,10,3,9,9,7,10,9,7,9,10,10,6,10,10,10,10
45.49931395,-73.57338866,10,5,9,7,2,10,7,7,10,10,10,2,10,10,10,10
45.49279643,-73.58454443,10,3,10,9,7,10,9,7,8,10,10,6,10,10,10,10
45.50066957,-73.56082443,10,8,8,9,3,9,5,9,9,10,10,5,10,10,10,10
45.51113578,-73.55275639,10,5,10,3,6,8,3,7,9,10,10,6,10,9,10,10
45.5211154,-73.56038371,10,3,6,10,8,10,7,7,9,10,10,8,10,9,10,10
45.50511238,-73.55867897,10,8,8,7,5,10,5,10,10,9,10,0,10,10,10,10
45.5037729,-73.56375132,10,5,8,7,7,9,6,7,9,10,10,7,10,10,10,10
45.50249247,-73.5564122,10,5,6,8,3,10,3,10,9,10,10,8,10,10,10,10
45.50748717,-73.56924289,10,7,10,9,6,10,9,7,10,10,10,5,10,10,10,10
45.51689596,-73.56735925,10,5,8,9,6,10,9,7,10,10,10,2,10,10,10,10
45.52064877,-73.56568916,10,7,10,9,7,10,10,7,10,10,10,2,10,10,10,10
45.50779803,-73.5555398,10,7,8,5,7,10,3,9,9,10,10,7,10,10,10,10
45.49643162,-73.57635604,10,5,10,7,6,10,9,7,10,8,10,3,10,10,10,10
45.50670047,-73.57191942,10,3,9,10,5,10,10,7,10,10,10,4,10,10,10,10
45.49346874,-73.57953693,10,5,9,9,6,10,10,7,10,10,10,2,10,10,10,10
45.52548059,-73.55164583,8,8,8,9,7,10,8,6,8,10,10,3,10,8,10,10
45.53124936,-73.56242968,8,3,8,10,8,10,9,7,8,10,10,6,10,8,9,10
45.49698579,-73.56249789,10,5,9,10,3,9,5,6,8,10,8,0,10,10,10,10
45.50514804,-73.5593735,10,8,8,7,5,10,5,10,10,9,10,0,10,10,10,10
45.49187477,-73.57458274,10,8,6,8,8,8,9,6,8,10,6,0,10,10,10,10
45.51691054,-73.55444969,10,4,8,7,6,10,5,7,10,10,10,5,10,9,10,10
45.53238579,-73.55309194,7,8,8,9,7,10,9,7,9,10,10,5,10,8,10,10
45.51869144,-73.56505622,10,3,9,8,7,9,9,7,10,10,10,5,10,10,10,10
45.50587107,-73.56371127,10,8,10,6,5,10,6,7,9,10,10,5,10,10,10,10
45.52805706,-73.5604866,8,4,6,9,6,10,9,6,8,10,10,8,10,9,9,10
45.49838927,-73.557017,10,5,9,9,5,9,3,9,8,10,10,5,10,10,10,9
45.53142026,-73.55376086,8,4,9,10,6,10,10,7,7,10,10,8,10,8,10,10
45.49430181,-73.57889165,10,5,9,8,6,10,10,7,10,10,10,2,10,10,10,10
45.49242193,-73.58208187,10,5,9,9,5,10,9,7,10,10,10,6,10,10,10,10
45.49046266,-73.5797102,10,5,8,10,7,10,10,7,8,10,10,5,10,10,10,10
45.50653746,-73.5520368,10,6,6,4,7,9,3,9,8,10,8,5,10,9,9,9
45.51675235,-73.55467003,10,8,9,6,6,9,4,7,10,10,10,3,10,9,10,10
45.53750285,-73.54894443,6,8,6,8,7,9,7,6,6,8,6,0,9,7,9,8
45.52989328,-73.55468735,8,4,10,9,6,10,10,7,8,10,10,8,10,8,10,10
45.52207916,-73.54895729,8,6,6,8,6,10,5,6,8,10,10,3,10,8,10,9
45.50492598,-73.56356046,10,8,8,7,4,9,6,7,9,10,10,4,10,10,10,10
45.49960318,-73.5550437,10,9,6,8,4,10,3,9,8,10,10,1,10,10,10,10
45.49880359,-73.56179035,10,8,9,10,6,9,5,7,9,10,8,0,10,10,10,10
45.53487374,-73.55428186,7,4,9,10,9,10,8,6,7,10,10,9,9,8,10,9
45.49274605,-73.58237258,10,6,10,9,7,10,9,7,8,10,10,5,10,10,10,10
45.49156873,-73.58042422,10,3,8,10,7,10,10,7,8,10,10,8,10,10,10,10
45.49747338,-73.55443568,10,6,8,8,5,9,3,7,7,10,10,7,10,9,9,9
45.50376736,-73.5630669,10,5,9,7,4,9,5,7,9,10,10,6,10,10,10,10
45.51375754,-73.55260467,10,8,8,4,6,9,4,7,9,10,10,3,10,9,10,10
45.49420732,-73.57892686,10,5,9,8,6,10,10,7,10,10,10,2,10,10,10,10
45.4954327,-73.59369028,9,10,6,10,10,7,10,4,6,10,8,4,10,9,9,9
45.50345834,-73.55716242,10,5,6,7,4,10,3,10,9,10,10,6,10,10,10,10
45.50356949,-73.56393953,10,5,8,7,7,9,6,7,9,10,10,7,10,10,10,10
45.52738339,-73.55063003,8,5,8,10,4,9,8,6,7,10,9,8,10,8,9,9
45.52135743,-73.5565928,9,3,8,9,8,9,5,7,9,10,10,6,10,9,10,10
45.51271304,-73.55581008,10,7,8,3,5,9,5,7,9,10,10,3,10,10,10,10
45.49138379,-73.56893233,10,4,8,9,8,9,7,7,8,10,10,7,10,9,10,9
45.52195709,-73.55605805,9,4,9,10,7,9,6,7,9,10,10,6,10,9,10,10
45.51275902,-73.56155119,10,4,10,6,6,10,6,7,10,10,10,7,10,10,10,10
45.52713526,-73.55189786,8,4,6,10,6,9,9,6,7,10,10,5,10,8,10,10
45.51818813,-73.55509207,10,4,6,7,6,9,4,7,10,10,10,6,10,9,10,10
45.50366607,-73.55941282,10,5,9,8,4,10,4,10,9,8,10,5,10,10,10,10
45.50278597,-73.55677697,10,5,6,8,4,10,3,10,10,10,10,8,10,10,10,10
45.51853695,-73.55866519,10,3,8,8,6,10,6,7,10,10,10,7,10,9,10,10
45.50153877,-73.55498677,10,7,6,8,8,10,3,10,8,10,10,6,10,10,10,10
45.50207224,-73.58001189,10,4,8,8,8,8,8,7,9,10,10,6,10,10,10,10
45.50650684,-73.56138057,10,4,6,6,5,10,6,7,10,10,10,5,10,10,10,10
45.50385732,-73.56231811,10,8,10,7,3,9,5,7,9,10,10,3,10,10,10,10
45.50527071,-73.55381799,10,5,6,5,3,10,3,10,9,10,10,4,10,10,10,10
45.51631867,-73.56374537,10,8,6,7,5,9,8,7,10,10,10,3,10,10,10,10
45.53619795,-73.56071456,7,7,10,9,6,9,9,6,7,10,10,5,10,8,10,10
45.50505946,-73.56283656,10,5,9,7,4,10,6,7,9,10,10,5,10,10,10,10
45.52267202,-73.55368855,9,7,10,10,6,10,6,7,9,10,10,5,10,9,10,10
45.52756688,-73.56187836,9,4,6,10,7,10,8,6,8,10,10,6,10,9,9,10
45.52665221,-73.55683617,8,4,6,10,8,10,9,7,8,10,10,7,10,8,10,10
45.52768075,-73.54917097,8,7,8,10,6,9,8,6,7,10,10,7,10,8,9,10
45.49006404,-73.58531963,10,7,8,10,5,10,10,6,10,10,10,0,10,10,10,10
45.50849095,-73.56949537,10,6,8,8,7,10,9,7,10,10,10,5,10,10,10,10
45.53046874,-73.5464157,7,9,6,9,7,9,6,6,7,10,9,5,9,8,9,8
45.49252944,-73.57562761,10,4,10,8,6,9,10,7,9,10,9,1,10,10,10,10
45.52143305,-73.56362524,10,3,6,9,8,10,9,7,9,10,10,6,10,9,10,10
45.49593957,-73.55559372,10,10,10,9,3,9,3,7,7,10,7,0,10,9,10,9
45.50894648,-73.57057153,10,6,8,8,7,10,9,7,10,10,10,5,10,10,10,10
45.52258463,-73.54985226,8,5,6,8,4,10,5,6,8,10,10,5,10,8,10,10
45.52309781,-73.55183532,9,6,9,9,6,10,6,7,10,10,10,5,10,9,10,10
45.50565243,-73.5669403,10,5,10,7,7,10,7,7,10,10,10,6,10,10,10,10
45.50326266,-73.55933204,10,5,9,8,4,10,4,10,9,8,10,5,10,10,10,10
45.50345714,-73.56367358,10,5,8,7,7,9,6,7,9,10,10,7,10,10,10,10
45.50047198,-73.56224022,10,8,8,10,4,8,5,7,10,10,10,4,10,10,10,10
45.51119302,-73.55991825,10,4,10,5,7,9,5,7,10,10,10,5,10,10,10,10
45.52411332,-73.55932799,9,4,8,10,8,10,7,7,10,10,10,8,10,9,10,10
45.50168628,-73.55512897,10,7,6,8,8,10,3,10,8,10,10,6,10,10,10,10
45.50006421,-73.57286788,10,6,9,7,3,10,7,7,10,10,10,0,10,10,10,10
45.50530001,-73.56002777,10,10,8,7,5,10,5,7,9,9,10,0,10,10,10,10
45.5011347,-73.57806651,10,4,8,8,8,8,8,7,9,10,10,6,10,10,10,10
45.50282548,-73.55201717,10,6,5,6,6,9,3,10,8,10,9,6,10,10,9,10
45.49538421,-73.57576043,10,3,8,7,6,10,9,7,10,10,10,1,10,10,10,10
45.52943458,-73.54807317,7,8,9,10,6,9,7,7,7,10,9,6,10,8,9,9
45.52989897,-73.55397882,8,6,10,10,6,10,10,7,7,10,10,8,10,8,10,10
45.52988691,-73.55570748,8,6,10,9,6,10,10,7,8,10,10,6,10,8,10,10
45.50391676,-73.56261688,10,5,9,7,4,9,5,7,9,10,10,6,10,10,10,10
45.5072463,-73.55413904,10,5,8,5,4,10,3,9,10,10,10,7,10,10,10,10
45.51801938,-73.55668519,10,3,6,7,6,10,5,7,10,10,10,6,10,10,10,10
45.51140431,-73.56982778,10,7,9,7,7,10,10,7,10,10,10,2,10,10,10,10
45.52961447,-73.54770611,7,9,8,10,7,8,7,6,7,10,9,6,10,8,9,9
45.50682129,-73.57020705,10,6,9,9,6,10,9,7,10,10,10,5,10,10,10,10
45.50852065,-73.5695751,10,6,8,8,7,10,9,7,10,10,10,5,10,10,10,10
45.50373808,-73.56190556,10,9,10,8,5,9,5,9,9,10,10,3,10,10,10,10
45.4955644,-73.6020645,8,10,2,9,9,7,9,4,5,10,7,4,9,8,9,7
45.5048948,-73.56240129,10,5,9,7,4,10,6,7,9,10,10,5,10,10,10,10
45.49613761,-73.58253308,10,7,9,7,6,10,10,7,9,10,10,2,10,10,10,10
45.49773014,-73.57609572,10,3,8,6,4,10,8,7,10,8,10,0,10,10,10,10
45.50495712,-73.56224886,10,5,8,7,5,10,5,7,9,10,10,5,10,10,10,10
45.50096437,-73.57893934,10,4,8,7,7,8,9,6,9,10,10,4,10,10,10,10
45.50238872,-73.55694479,10,5,6,8,3,10,3,10,9,10,10,8,10,10,10,10
45.5042391,-73.55838885,10,4,8,7,3,10,4,10,9,9,10,7,10,10,10,10
45.51101176,-73.5790568,10,9,5,7,6,9,8,7,9,10,10,3,10,10,10,10
45.53506085,-73.5532186,7,4,10,10,8,10,8,6,7,10,10,8,9,8,10,9
45.52962485,-73.56245541,8,4,6,10,9,10,9,6,8,10,10,6,10,8,9,10
45.51656088,-73.56705333,10,3,8,9,6,9,9,7,10,10,10,4,10,10,10,10
45.52006179,-73.55719432,10,3,6,9,6,10,5,7,9,10,10,6,10,9,10,10
45.50361651,-73.5626983,10,5,10,8,2,9,5,7,9,10,10,4,10,10,10,10
45.50268346,-73.56469997,10,9,8,8,4,10,7,7,9,10,10,1,10,10,10,10
45.53096274,-73.55590607,8,4,10,10,6,10,10,7,7,10,10,8,10,8,10,10
45.50491774,-73.56108756,10,9,9,7,6,10,5,7,9,10,10,3,10,10,10,10
45.5055351,-73.55933803,10,10,8,7,5,10,5,7,9,9,10,0,10,10,10,10
45.49120361,-73.56916716,10,4,8,9,8,9,7,7,8,10,10,7,10,9,10,9
45.50771906,-73.56981535,10,7,10,9,5,10,9,7,10,10,10,4,10,10,10,10
45.51677504,-73.55620757,10,5,9,6,6,10,5,7,10,10,10,2,10,9,10,10
45.5316432,-73.56242079,8,3,8,10,8,10,9,7,8,10,10,6,10,8,9,10
45.53262968,-73.56233855,8,7,8,10,7,10,9,7,8,10,10,3,10,8,9,10
45.52538419,-73.5490842,8,7,6,9,4,10,8,6,8,10,10,2,10,8,10,10
45.50304011,-73.56250609,10,5,10,8,4,9,6,7,9,10,10,8,10,10,10,10
45.52440573,-73.56015877,9,5,10,10,6,10,8,7,10,10,10,5,10,9,10,10
45.51230003,-73.54952465,9,6,6,2,6,7,3,7,8,10,6,2,10,9,10,10
45.49192009,-73.57732579,10,7,10,9,7,10,10,7,8,10,10,1,10,10,10,10
45.51095167,-73.56830501,10,4,8,6,6,10,9,7,10,10,10,5,10,10,10,10
45.50383999,-73.56056219,10,10,10,8,4,9,5,9,9,10,10,0,10,10,10,10
45.50833841,-73.57037473,10,6,9,9,5,10,9,7,10,10,10,2,10,10,10,10
45.50320291,-73.56168453,10,10,10,8,4,9,5,9,10,10,10,0,10,10,10,10
45.52285938,-73.56327247,10,4,6,10,8,10,7,7,9,10,10,8,10,9,10,10
45.53895683,-73.55307873,6,5,6,10,5,10,9,6,6,10,7,3,9,7,9,8
45.49175825,-73.57627723,10,3,10,9,7,10,10,7,8,10,9,0,10,10,10,10
45.51496504,-73.5683191,10,7,10,9,6,10,9,7,10,10,10,3,10,10,10,10
45.50534526,-73.56291414,10,5,9,7,4,10,6,7,9,10,10,5,10,10,10,10
45.51515808,-73.55435862,10,4,10,5,5,10,5,7,9,10,10,4,10,9,10,10
45.50391114,-73.5639608,10,5,8,7,5,9,6,7,9,10,10,6,10,10,10,10
45.51937935,-73.55701775,10,3,6,8,6,10,5,7,10,10,10,6,10,9,10,10
45.50385684,-73.55815396,10,7,8,8,3,10,4,10,9,9,10,4,10,10,10,10
45.51085311,-73.56738395,10,3,9,6,5,10,9,7,10,10,10,7,10,10,10,10
45.51442586,-73.55362294,10,4,9,4,7,9,4,7,9,10,9,0,10,9,10,10
45.52088615,-73.56114133,10,3,6,10,7,10,7,7,9,10,10,8,10,9,10,10
45.52299493,-73.54989131,8,5,8,8,5,10,6,6,8,10,10,6,10,8,10,10
45.51268342,-73.56697402,10,3,10,7,6,10,8,7,10,10,10,7,10,10,10,10
45.50840053,-73.55840441,10,4,9,5,6,10,5,7,10,10,9,0,10,10,10,10
45.52554355,-73.55203323,8,9,8,9,6,10,8,6,8,10,10,3,10,8,10,10
45.49935772,-73.57932577,10,7,9,7,5,9,9,7,10,10,10,2,10,10,10,10
45.5032985,-73.5637364,10,5,8,7,7,9,6,7,9,10,10,7,10,10,10,10
45.5222494,-73.55768418,9,3,8,10,8,10,6,7,9,10,10,8,10,9,10,10
45.50631589,-73.55688546,10,7,6,6,5,10,5,10,10,9,10,4,10,10,10,10
45.52235217,-73.55116014,8,5,8,9,6,10,5,6,8,10,10,6,10,8,10,10
45.49237099,-73.58058759,10,5,9,9,5,10,10,7,10,10,10,4,10,10,10,10
45.52935289,-73.56057445,8,8,8,10,9,9,10,6,8,10,10,3,10,8,9,10
45.52046166,-73.56218304,10,3,8,9,7,10,7,7,10,10,10,8,10,9,10,10
45.51841323,-73.55483685,10,4,6,7,6,9,4,7,10,10,10,6,10,9,10,10
45.50513297,-73.55823148,10,4,8,7,3,10,5,10,10,9,10,5,10,10,10,10
45.53078121,-73.56164786,8,3,8,10,8,10,9,7,8,10,10,6,10,8,9,10
45.51986004,-73.556398,10,3,8,9,6,10,5,7,10,10,10,6,10,9,10,10
45.51814399,-73.55731434,10,3,6,7,6,10,5,7,10,10,10,6,10,10,10,10
45.51946812,-73.55952471,10,3,8,8,6,10,6,7,10,10,10,7,10,9,10,10
45.52172288,-73.55725512,9,3,8,9,6,10,6,7,9,10,10,8,10,9,10,10
45.50024968,-73.58020441,10,4,10,7,6,9,9,6,9,9,10,7,10,10,10,10
45.52782912,-73.55708169,8,8,8,9,7,10,10,6,8,10,10,3,10,8,9,10
45.49740412,-73.57312177,10,7,8,6,6,9,8,7,10,10,10,0,10,10,10,10
45.50173117,-73.55678455,10,5,6,8,3,10,3,10,10,10,10,8,10,10,10,10
45.51027055,-73.56813541,10,7,8,7,5,10,10,7,10,10,10,5,10,10,10,10
45.50459917,-73.55522946,10,5,6,7,6,10,4,10,10,10,10,8,10,10,10,10
45.51108263,-73.54874584,9,7,6,3,8,6,2,7,8,10,6,0,10,9,9,9
45.52110482,-73.55914541,9,3,6,10,7,10,6,7,9,10,10,8,10,9,10,10
45.51527519,-73.55424716,10,4,9,5,6,9,4,7,9,10,10,4,10,9,10,10
45.53602162,-73.55531342,7,4,9,10,8,10,9,6,6,10,10,8,9,7,9,9
45.52186961,-73.55787514,9,3,8,10,8,10,6,7,9,10,10,8,10,9,10,10
45.50252211,-73.55854341,10,6,8,9,3,10,3,10,9,9,10,6,10,10,10,10
45.51051743,-73.56844613,10,3,8,7,5,10,10,7,10,10,10,5,10,10,10,10
45.52033741,-73.56382617,10,5,8,9,6,10,8,7,10,10,10,7,10,9,10,10
45.50377577,-73.55982983,10,8,10,8,4,10,4,9,9,9,10,3,10,10,10,10
45.51811522,-73.55467401,10,4,6,7,6,9,4,7,10,10,10,6,10,9,10,10
45.51720482,-73.55226346,9,8,8,7,5,9,3,7,9,10,10,3,10,9,10,10
45.50665487,-73.5640934,10,8,10,6,5,10,7,7,10,10,10,5,10,10,10,10
45.49698004,-73.58040875,10,3,6,7,5,10,10,7,10,10,10,2,10,10,10,10
45.52254875,-73.55073151,8,5,8,9,6,10,5,6,8,10,10,6,10,8,10,10
45.51890601,-73.56046182,10,5,8,8,6,10,7,7,10,10,10,2,10,9,10,10
45.51068159,-73.56037471,10,8,9,4,5,10,5,7,10,10,10,3,10,10,10,10
45.50857298,-73.57019544,10,6,8,8,7,10,9,7,10,10,10,5,10,10,10,10
45.4957096,-73.57760879,10,5,9,7,5,10,9,7,10,10,10,4,10,10,10,10
45.51904819,-73.56305789,10,5,9,9,8,10,8,7,10,10,10,7,10,9,10,10
45.51200109,-73.56810313,10,3,9,7,4,10,9,7,10,10,10,5,10,10,10,10
45.50470066,-73.56402178,10,8,8,7,4,9,6,7,9,10,10,4,10,10,10,10
45.48993765,-73.58435166,10,5,8,10,7,10,10,7,10,10,10,1,10,10,10,10
45.53057994,-73.55570058,8,4,10,10,6,10,10,7,8,10,10,8,10,8,10,10
45.50741253,-73.56711344,10,7,9,7,5,10,8,7,10,10,10,4,10,10,10,10
45.50775088,-73.57015091,10,3,9,9,5,10,9,7,10,10,10,5,10,10,10,10
45.49522594,-73.5785101,10,6,9,7,3,10,10,7,10,10,10,4,10,10,10,10
45.49226522,-73.57614291,10,3,10,9,7,10,10,7,8,10,9,0,10,10,10,10
45.52317711,-73.54929133,8,5,6,8,5,10,5,6,8,10,10,4,10,8,10,9
45.52413309,-73.55222894,8,4,9,9,6,10,7,6,8,10,10,5,10,8,10,10
45.51007605,-73.5626999,10,4,9,5,6,10,7,7,10,10,10,7,10,10,10,10
45.51336612,-73.55520985,10,4,8,4,6,9,5,7,9,10,10,4,10,9,10,10
45.50656978,-73.56264718,10,8,10,6,5,10,6,7,9,10,10,5,10,10,10,10
45.5187861,-73.55695021,10,3,6,8,6,10,5,7,10,10,10,5,10,9,10,10
45.52401972,-73.56477019,9,8,6,10,9,10,8,7,9,10,10,3,10,9,10,10
45.5049801,-73.55661145,10,7,6,7,5,10,4,10,10,10,10,2,10,10,10,10
45.49119068,-73.58042828,10,5,8,10,7,10,10,7,8,10,10,7,10,10,10,10
45.49762497,-73.58434519,10,4,8,7,7,9,10,6,8,10,10,7,10,10,10,10
45.49711356,-73.57596729,10,5,10,6,5,10,9,7,10,8,10,2,10,10,10,10
45.52450403,-73.55725567,9,4,10,10,6,10,7,7,8,10,10,5,10,9,10,10
45.52719329,-73.56294421,9,8,6,9,7,9,7,6,8,10,10,3,10,9,10,10
45.523788,-73.55759807,9,4,10,10,6,10,7,7,8,10,10,8,10,9,10,10
45.51644914,-73.5547651,10,6,9,5,4,9,4,7,9,10,10,4,10,9,10,10
45.49847128,-73.55476047,10,5,8,8,5,9,2,7,7,10,10,7,10,9,9,9
45.51883249,-73.55911611,10,3,8,8,6,10,6,7,10,10,10,7,10,9,10,10
45.49390375,-73.59722863,8,10,2,10,9,5,10,4,6,10,7,6,10,9,9,7
45.53636422,-73.55258684,7,5,8,10,8,10,9,6,6,9,10,8,9,7,9,9
45.49200934,-73.57465538,10,8,6,8,8,8,9,6,8,10,6,0,10,10,10,10
45.5026104,-73.55891827,10,4,9,9,3,10,4,10,10,9,10,7,10,10,10,10
45.50311209,-73.56441147,10,5,8,7,7,9,6,7,9,10,10,7,10,10,10,10
45.49959882,-73.57845397,10,5,9,7,5,10,9,7,10,8,10,0,10,10,10,10
45.52422662,-73.54972984,8,5,6,8,5,10,7,6,8,10,9,1,10,8,10,9
45.51817379,-73.56029564,10,3,9,8,7,10,7,7,10,10,10,7,10,10,10,10
45.52286758,-73.56000231,9,3,8,10,8,10,7,7,9,10,10,8,10,9,10,10
45.50208443,-73.55633945,10,5,6,8,3,10,3,10,10,10,10,8,10,10,10,10
45.52787216,-73.56154372,9,4,6,10,7,10,8,6,8,10,10,6,10,9,9,10
45.50425713,-73.5627491,10,5,9,7,4,9,5,7,9,10,10,6,10,10,10,10
45.50187907,-73.57958091,10,4,8,8,8,8,8,7,9,10,10,6,10,10,10,10
45.52303477,-73.55678804,9,3,9,10,8,10,7,7,9,10,10,8,10,9,10,10
45.49332474,-73.57515168,10,7,10,8,7,9,10,7,9,10,10,0,10,10,10,10
45.51498008,-73.55483894,10,4,10,5,5,10,5,7,9,10,10,4,10,9,10,10
45.50326515,-73.55786614,10,7,8,8,4,10,3,10,9,10,10,2,10,10,10,10
45.50554907,-73.55681504,10,7,6,6,5,10,4,10,10,10,10,4,10,10,10,10
45.50203201,-73.56297873,10,9,9,9,5,9,6,7,10,10,10,1,10,10,10,10
45.51644571,-73.56145761,10,6,6,7,6,10,8,7,10,10,10,5,10,10,10,10
45.49465583,-73.5822835,10,3,10,8,7,10,10,7,8,10,10,6,10,10,10,10
45.51988832,-73.55593545,10,3,8,9,7,9,5,7,10,10,10,7,10,9,10,10
45.5039539,-73.55818457,10,7,8,8,3,10,4,10,9,9,10,4,10,10,10,10
45.50036601,-73.58054879,10,6,10,8,7,8,9,6,9,10,10,7,10,10,10,10
45.49420348,-73.57942985,10,3,10,8,6,10,10,7,10,10,10,4,10,10,10,10
45.51599136,-73.5649394,10,6,6,7,6,9,8,7,10,10,10,1,10,10,10,10
45.50647029,-73.55527601,10,5,6,6,3,10,3,10,9,10,10,7,10,10,10,10
45.50355427,-73.56247921,10,5,10,8,2,9,5,7,9,10,10,4,10,10,10,10
45.50426775,-73.55468915,10,5,5,6,6,10,4,10,10,10,10,7,10,10,10,10
45.50453875,-73.55819742,10,6,8,7,4,10,4,10,9,10,10,7,10,10,10,10
45.50439866,-73.55729723,10,5,6,7,4,10,4,10,9,10,10,7,10,10,10,10
45.49650392,-73.58113923,10,6,8,7,4,10,10,7,9,10,10,1,10,10,10,10
45.49888169,-73.57846876,10,3,8,7,5,10,9,7,10,10,10,0,10,10,10,10
45.50612312,-73.55861215,10,8,6,6,5,10,5,9,10,9,10,3,10,10,10,10
45.49436538,-73.56975889,10,4,6,7,6,9,8,6,9,10,8,0,10,10,10,10
45.5112794,-73.55204081,10,7,10,3,4,8,3,7,9,10,10,5,10,9,10,10
45.52656023,-73.55785747,8,4,8,10,8,10,9,6,8,10,10,8,10,8,9,10
45.52705753,-73.55084797,8,4,8,10,5,9,9,7,7,10,10,7,10,8,10,10
45.51238207,-73.55080723,9,5,8,3,5,8,3,7,8,10,8,5,10,9,10,10
45.50707324,-73.55593526,10,7,8,6,6,10,3,10,9,10,10,4,10,10,10,10
45.5070462,-73.55161282,10,6,8,4,6,9,2,9,10,10,8,3,10,9,9,10
45.50376708,-73.5627252,10,5,9,7,4,9,5,7,9,10,10,6,10,10,10,10
45.50166896,-73.55752854,10,5,8,8,3,10,3,10,9,10,10,8,10,10,10,10
45.49261756,-73.57861913,10,3,8,9,8,10,10,7,10,10,10,8,10,10,10,10
45.51988703,-73.55987187,10,3,6,9,5,10,6,7,10,10,10,7,10,9,10,10
45.51575215,-73.56104964,10,7,6,6,7,10,7,7,10,10,10,4,10,10,10,10
45.49741804,-73.5759192,10,3,8,6,4,10,8,7,10,8,10,0,10,10,10,10
45.50321246,-73.5585046,10,4,8,8,3,10,3,10,9,9,10,8,10,10,10,10
45.50646089,-73.55690197,10,7,6,6,5,10,5,10,10,9,10,4,10,10,10,10
45.50434472,-73.55745613,10,5,6,7,4,10,4,10,9,10,10,7,10,10,10,10
45.48868193,-73.58016608,9,5,6,10,8,10,10,6,7,10,7,0,10,10,10,9
45.50394828,-73.55786761,10,4,8,7,3,10,4,10,9,10,10,8,10,10,10,10
45.53670059,-73.55170016,6,5,6,10,8,10,9,6,6,8,10,8,9,7,9,8
45.49266551,-73.58163977,10,3,9,9,7,10,9,7,9,10,10,6,10,10,10,10
45.50236528,-73.55360914,10,5,5,7,6,10,3,10,8,10,9,5,10,10,9,10
45.50490463,-73.55844209,10,4,8,7,3,10,5,10,10,9,10,5,10,10,10,10
45.50366065,-73.57799123,10,5,6,9,7,9,9,6,9,10,10,4,10,10,10,10
45.53167823,-73.56098207,8,3,9,10,8,10,10,6,8,10,10,5,10,8,9,10
45.52477376,-73.5493043,8,7,6,9,4,10,8,6,8,10,10,2,10,8,10,10
45.49804432,-73.57408823,10,7,8,6,6,9,8,7,10,10,10,0,10,10,10,10
45.52136397,-73.56438381,10,3,8,9,8,10,9,7,9,10,10,5,10,9,10,10
45.50277817,-73.56400696,10,5,8,8,6,9,6,7,9,10,10,3,10,10,10,10
45.4955639,-73.58202348,10,3,9,7,4,10,10,7,9,9,10,4,10,10,10,10
45.49274563,-73.57630249,10,7,10,9,7,10,10,7,9,10,10,1,10,10,10,10
45.52470451,-73.55762784,9,8,8,10,7,10,8,7,8,10,10,3,10,9,10,10
45.49709128,-73.57803011,10,3,9,6,6,10,9,7,10,8,10,3,10,10,10,10
45.50509187,-73.56415107,10,8,8,7,4,9,6,7,9,10,10,4,10,10,10,10
45.51112654,-73.55043988,10,9,8,3,6,7,3,7,8,10,8,2,10,9,10,10
45.52728244,-73.54864629,8,7,8,10,6,9,8,6,7,10,10,7,10,8,9,10
45.52135984,-73.55775189,9,3,6,10,7,10,6,7,9,10,10,8,10,9,10,10
45.50361236,-73.58083616,10,9,6,7,9,8,7,6,8,10,10,5,10,10,10,10
45.51455661,-73.55042545,9,5,6,4,6,8,3,6,8,10,8,0,10,9,10,10
45.51713756,-73.55652028,10,5,9,6,6,10,5,7,10,10,10,2,10,9,10,10
45.5105843,-73.56304418,10,6,10,5,5,10,7,7,10,10,10,5,10,10,10,10
45.49935845,-73.57796524,10,5,9,7,5,10,9,7,10,8,10,0,10,10,10,10
45.51826645,-73.56575844,10,5,10,8,6,9,10,7,10,10,10,5,10,10,10,10
45.52840355,-73.55880772,8,4,8,9,9,10,10,6,8,10,10,3,10,8,9,10
45.52721416,-73.54620629,7,6,6,9,6,8,6,6,7,10,7,1,9,8,9,8
45.50420049,-73.55871864,10,4,8,7,3,10,4,10,9,9,10,7,10,10,10,10
45.51212471,-73.56837795,10,6,9,7,5,10,10,7,10,10,10,3,10,10,10,10
45.49375985,-73.57461503,10,7,8,7,5,9,10,7,9,10,9,0,10,10,10,10
45.51420906,-73.58479737,10,10,6,8,8,9,8,5,9,10,10,3,10,10,9,9
45.5218004,-73.5635809,10,3,6,9,8,10,9,7,9,10,10,6,10,9,10,10
45.50493152,-73.55581666,10,5,6,6,5,10,4,10,9,10,10,7,10,10,10,10
45.53176503,-73.55785263,8,6,10,10,8,10,10,7,7,10,10,7,10,8,9,10
45.5069767,-73.55522853,10,7,8,6,6,10,3,10,9,10,10,4,10,10,10,10
45.52196593,-73.56244422,10,3,6,10,8,10,8,7,9,10,10,6,10,9,10,10
45.51588458,-73.56667591,10,3,8,9,6,9,9,7,10,10,10,4,10,10,10,10
45.50160025,-73.58064549,10,4,8,7,7,8,9,6,9,10,10,4,10,10,10,10
45.49547902,-73.57867062,10,6,9,7,3,10,10,7,10,10,10,4,10,10,10,10
45.52437037,-73.55989338,9,4,8,10,8,10,7,7,10,10,10,8,10,9,10,10
45.50372705,-73.57934409,10,8,6,7,8,8,8,6,8,10,10,5,10,10,10,10
45.52203209,-73.56102173,10,3,6,10,8,10,7,7,9,10,10,8,10,9,10,10
45.53377365,-73.55271698,7,4,8,10,7,10,8,7,9,10,10,8,10,8,10,10
45.49075436,-73.58078744,10,3,6,10,8,10,10,7,8,10,10,8,10,10,10,10
45.49721401,-73.57935542,10,3,8,7,4,10,9,7,10,10,10,2,10,10,10,10
45.50501738,-73.55999231,10,10,8,7,5,10,5,7,9,9,10,0,10,10,10,10
45.52373607,-73.56129277,9,4,6,10,7,10,7,6,9,10,10,7,10,9,10,10
45.50274417,-73.56420675,10,5,8,8,6,9,6,7,9,10,10,3,10,10,10,10
45.5198344,-73.55222229,9,4,6,8,7,9,4,7,9,10,10,5,10,9,10,10
45.50234664,-73.56776547,10,9,8,9,6,10,9,6,10,10,10,3,10,10,10,10
45.50595799,-73.56896244,10,4,10,9,6,10,9,7,10,10,10,6,10,10,10,10
45.51081687,-73.54745248,9,7,6,3,8,6,2,7,8,10,6,0,10,9,9,9
45.49699924,-73.55589378,10,5,10,9,6,9,3,7,7,10,10,1,10,10,10,9
45.50425052,-73.5672704,10,5,10,8,5,10,8,7,10,10,10,7,10,10,10,10
45.4914498,-73.58251693,10,5,9,10,5,10,10,7,10,10,10,2,10,10,10,10
45.50369699,-73.55494153,10,5,5,7,3,10,3,10,10,10,10,4,10,10,10,10
45.49915781,-73.55602858,10,5,8,9,4,10,3,9,8,10,10,5,10,10,10,10
45.51525625,-73.55626661,10,4,10,5,6,10,5,7,10,10,10,4,10,10,10,10
45.50368722,-73.55519129,10,5,5,7,3,10,3,10,10,10,10,7,10,10,10,10
45.50208228,-73.57926387,10,4,8,8,8,8,8,7,9,10,10,6,10,10,10,10
45.50497199,-73.56263057,10,5,9,7,4,10,6,7,9,10,10,5,10,10,10,10
45.52485989,-73.55138378,8,5,8,9,5,10,7,6,8,10,10,1,10,8,10,10
45.49871838,-73.5777626,10,5,9,7,5,10,9,7,10,8,10,0,10,10,10,10
45.49375218,-73.58480846,10,7,9,9,7,10,9,7,8,10,10,3,10,10,10,10
45.49950746,-73.56217099,10,8,8,10,6,9,5,7,10,10,8,0,10,10,10,10
45.51843956,-73.56309632,10,3,10,9,7,10,8,7,10,10,10,7,10,10,10,10
45.49461236,-73.56387195,10,5,10,9,5,10,6,6,8,10,10,7,10,10,10,10
45.50309347,-73.56320302,10,5,10,8,4,9,6,7,9,10,10,8,10,10,10,10
45.52730047,-73.54957032,8,8,8,10,6,9,8,7,7,10,10,6,10,8,10,10
45.49725081,-73.58328582,10,4,8,7,7,9,10,6,8,10,10,7,10,10,10,10
45.49799931,-73.55576195,10,5,9,9,6,9,3,7,8,10,10,6,10,10,10,9
45.50545141,-73.55517193,10,5,6,6,5,10,3,10,9,10,10,8,10,10,10,10
45.49725106,-73.55529829,10,9,10,9,5,9,3,7,7,10,10,3,10,10,10,9
45.4915415,-73.56885814,10,4,8,9,8,9,7,7,8,10,10,7,10,9,10,9
45.49380971,-73.57333168,10,4,9,7,6,9,10,7,10,10,10,1,10,10,10,10
45.50046297,-73.55580366,10,5,6,8,6,10,3,10,9,10,10,6,10,10,10,10
45.53491497,-73.55709513,7,7,10,10,5,9,9,6,7,10,10,5,10,8,10,9
45.492223,-73.56859649,10,8,6,9,7,9,7,6,8,10,10,5,10,10,10,10
45.52752525,-73.54720132,7,6,6,9,7,9,6,6,7,10,9,7,9,8,9,8
45.52585192,-73.55306849,8,9,8,9,6,10,8,6,8,10,10,3,10,8,10,10
45.49994085,-73.58070242,10,4,10,7,8,9,9,6,9,10,10,8,10,10,10,10
45.50802353,-73.56124369,10,4,6,5,6,10,6,7,10,10,10,2,10,10,10,10
45.49087336,-73.58007389,10,5,8,10,7,10,10,7,8,10,10,7,10,10,10,10
45.50552969,-73.55823277,10,4,6,7,5,10,5,10,10,10,10,3,10,10,10,10
45.50778219,-73.56896976,10,5,9,8,6,10,8,7,10,10,10,6,10,10,10,10
45.49938203,-73.56166889,10,8,9,10,6,9,5,7,9,10,8,0,10,10,10,10
45.50132996,-73.58065955,10,4,8,7,7,8,9,6,9,10,10,4,10,10,10,10
45.50215912,-73.55617558,10,5,6,8,3,10,3,10,10,10,10,6,10,10,10,10
45.50331161,-73.56460849,10,5,8,7,4,9,7,7,9,10,10,4,10,10,10,10
45.5062154,-73.55683031,10,7,6,6,5,10,4,10,10,10,10,4,10,10,10,10
45.51590096,-73.55729352,10,3,10,6,6,10,6,7,10,10,10,7,10,10,10,10
45.50913303,-73.56147173,10,8,6,4,5,10,6,7,10,10,10,3,10,10,10,10
45.50174383,-73.56652502,10,9,9,9,5,10,8,6,10,10,10,2,10,10,10,10
45.49567837,-73.57441231,10,4,10,6,6,9,9,7,10,10,10,0,10,10,10,10
45.51275274,-73.56560141,10,6,9,7,7,10,7,7,10,10,10,7,10,10,10,10
45.50342393,-73.56478571,10,5,8,7,4,9,7,7,9,10,10,4,10,10,10,10